Datetime,Open,High,Low,Close,Volume
2013-02-28,15.85893,15.99536,15.76429,15.76429,322515200
2013-02-27,16.015356,16.15857,15.7375,15.8775,587350400
2013-02-26,15.85071,16.12643,15.63071,16.034643,501499600
2013-02-25,16.20893,16.25429,15.80607,15.81429,372579200
2013-02-22,16.044643,16.12857,15.95,16.10036,330654800
2013-02-21,15.92857,16.041786,15.815,15.93071,447182400
2013-02-20,16.34607,16.34607,16.02857,16.030357,476302400
2013-02-19,16.46786,16.52607,16.20893,16.42821,435783600
2013-02-15,16.74464,16.79143,16.42571,16.43429,391745200
2013-02-14,16.59,16.84429,16.57214,16.66393,355275200
2013-02-13,16.68607,16.91571,16.54357,16.67893,475207600
2013-02-12,17.12536,17.22786,16.705,16.71071,609053200
2013-02-11,17.017857,17.31929,16.90179,17.14036,517490400
2013-02-08,16.92857,17.10036,16.72321,16.96357,633158400
2013-02-07,16.54464,16.78571,16.21857,16.72214,704580800
2013-02-06,16.3025,16.66071,16.16357,16.33393,593706400
2013-02-05,15.85893,16.41929,15.79357,16.35143,573347600
2013-02-04,16.21107,16.28357,15.78571,15.79714,477117200
2013-02-01,16.39679,16.41,16.012501,16.20071,539484400
2013-01-31,16.32071,16.40286,16.24929,16.2675,319334400
2013-01-30,16.32143,16.52143,16.23214,16.31536,417155200
2013-01-29,16.375,16.43571,16.14714,16.36679,571158000
2013-01-28,15.63679,16.18607,15.56643,16.065357,785517600
2013-01-25,16.13179,16.29393,15.53571,15.71,1208026400
2013-01-24,16.42857,16.63321,16.080357,16.089287,1460852400
2013-01-23,18.17179,18.3925,18.0275,18.3575,861509600
2013-01-22,18.02,18.13857,17.73679,18.0275,461546400
2013-01-18,17.80429,17.93643,17.72857,17.85714,472922800
2013-01-17,18.22536,18.24107,17.92964,17.95286,453678400
2013-01-16,17.66571,18.19429,17.58929,18.074642,690804800
2013-01-15,17.79643,17.82107,17.26357,17.35429,876772400
2013-01-14,17.95286,18.125,17.80393,17.91964,734207600
2013-01-11,18.60714,18.76143,18.53643,18.58214,350506800
2013-01-10,18.87679,18.88286,18.41143,18.69679,601146000
2013-01-09,18.66071,18.75036,18.42821,18.46786,407604400
2013-01-08,18.90036,18.99607,18.61607,18.76107,458707200
2013-01-07,18.64286,18.90357,18.4,18.71071,484156400
2013-01-04,19.1775,19.23679,18.77964,18.82143,594333600
2013-01-03,19.56714,19.63107,19.32143,19.36071,352965200
2013-01-02,19.77929,19.82143,19.34393,19.60821,560518000
2012-12-31,18.23321,19.12143,18.17857,19.0060711,659492400
2012-12-28,18.22464,18.37429,18.14714,18.19964,354278400
2012-12-27,18.34071,18.4375,18.023571,18.395,455120400
2012-12-26,18.53571,18.55214,18.25429,18.32143,302436400
2012-12-24,18.58393,18.72321,18.52536,18.5775,175753200
2012-12-21,18.3025,18.55964,18.22286,18.5475,596268400
2012-12-20,18.92857,18.93571,18.53143,18.63321,481689600
2012-12-19,18.98107,19.060715,18.76786,18.79679,449369200
2012-12-18,18.75,19.10357,18.58036,19.067858,625685200
2012-12-17,18.17607,18.57143,17.90107,18.52964,757607200
2012-12-14,18.38393,18.50464,18.056429,18.20679,1009579200
2012-12-13,18.96964,19.20143,18.77857,18.9175,625259600
2012-12-12,19.56321,19.57143,19.1525,19.25,487144000
2012-12-11,19.2775,19.62714,19.19179,19.33536,592345600
2012-12-10,18.75,19.2325,18.62786,18.92214,630484400
2012-12-07,19.76429,19.82857,18.92857,19.044643,787040800
2012-12-06,18.89071,19.76107,18.5225,19.54429,1177212400
2012-12-05,20.31821,20.33036,19.24179,19.2425,1044638000
2012-12-04,20.77857,20.77857,20.43321,20.56607,557068400
2012-12-03,21.20179,21.23536,20.91071,20.93536,364280000
2012-11-30,20.95679,21.014286,20.81,20.90286,391319600
2012-11-29,21.079287,21.22321,20.90179,21.048571,514698800
2012-11-28,20.61679,20.92143,20.43786,20.81929,520864400
2012-11-27,21.055357,21.08643,20.71786,20.885,533330000
2012-11-26,20.56786,21.071428,20.48964,21.054644,630579600
2012-11-23,20.25607,20.42857,20.092857,20.41071,272826400
2012-11-21,20.15179,20.26321,19.87857,20.060715,373002000
2012-11-20,20.42536,20.42679,19.80643,20.032499,642754000
2012-11-19,19.31107,20.26786,19.28143,20.20464,823317600
2012-11-16,18.75714,18.92857,18.0625,18.84571,1266893600
2012-11-15,19.1975,19.26786,18.665,18.77214,789910800
2012-11-14,19.48214,19.55179,19.14929,19.17429,477170400
2012-11-13,19.24679,19.66,19.15571,19.38929,532949200
2012-11-12,19.79107,19.80357,19.2375,19.38679,515802000
2012-11-09,19.30071,19.81714,19.061428,19.53786,929913600
2012-11-08,20.022499,20.079643,19.1175,19.20536,1056146000
2012-11-07,20.49429,20.51929,19.84821,19.92857,793648800
2012-11-06,21.079643,21.097857,20.7175,20.81607,374917200
2012-11-05,20.84,20.99179,20.62857,20.87929,529135600
2012-11-02,21.28179,21.31964,20.52679,20.6,599373600
2012-11-01,21.365,21.53571,21.22036,21.305,361298000
2012-10-31,21.24571,21.49857,20.98929,21.26143,510003200
2012-10-26,21.76536,21.92857,21.10714,21.57143,1018432800
2012-10-25,22.14286,22.21429,21.62679,21.76929,656325600
2012-10-24,22.19429,22.37679,21.80857,22.029642,558527200
2012-10-23,22.53571,22.63929,21.84643,21.90571,707145600
2012-10-22,21.87214,22.69214,21.81286,22.64393,546730800
2012-10-19,22.5375,22.56321,21.77214,21.78,744086000
2012-10-18,22.8425,22.93071,22.5,22.59429,476624400
2012-10-17,23.17393,23.31393,23.0,23.021786,389037600
2012-10-16,22.69179,23.225,22.53571,23.20679,549771600
2012-10-15,22.58393,22.68321,22.28036,22.67,432502000
2012-10-12,22.48429,22.69214,22.33214,22.48964,460014800
2012-10-11,23.089287,23.11429,22.43214,22.43214,546081200
2012-10-10,22.84786,23.035,22.75,22.88964,510356000
2012-10-09,22.80893,22.87464,22.26964,22.70893,838597200
2012-10-08,23.10286,23.12714,22.71821,22.79179,637994000
2012-10-05,23.75714,23.78571,23.26,23.30679,594006000
2012-10-04,23.97321,24.080357,23.76964,23.81429,370725600
2012-10-03,23.745,23.995,23.66536,23.98036,424281200
2012-10-02,23.63607,23.79821,23.2375,23.61821,627992400
2012-10-01,23.97,24.16964,23.44643,23.54964,543594800
2012-09-28,24.24107,24.32536,23.8125,23.825,535110800
2012-09-27,23.72464,24.36321,23.58393,24.33286,594090000
2012-09-26,23.88357,24.024643,23.61429,23.75643,576503200
2012-09-25,24.58071,24.74214,24.035713,24.055,518789600
2012-09-24,24.53071,24.82571,24.39286,24.67107,639766400
2012-09-21,25.086071,25.18107,24.97714,25.0032139,571589200
2012-09-20,24.97,25.0021439,24.77214,24.95357,336568400
2012-09-19,25.0092869,25.1425,24.98464,25.075001,326874800
2012-09-18,24.99571,25.083214,24.87214,25.068214,373503200
2012-09-17,24.97679,24.99286,24.8075,24.99214,398031200
2012-09-14,24.64143,24.89214,24.5675,24.68857,600474000
2012-09-13,24.19179,24.48214,24.098928,24.39214,598360000
2012-09-12,23.81607,23.925,23.42857,23.92107,712233200
2012-09-11,23.75393,23.93214,23.44643,23.5925,503983200
2012-09-10,24.30179,24.40321,23.64643,23.66929,487998000
2012-09-07,24.21607,24.37429,24.13464,24.30143,329666400
2012-09-06,24.041786,24.22464,23.95714,24.1525,391196400
2012-09-05,24.1275,24.15536,23.91429,23.93679,336375200
2012-09-04,23.77714,24.11214,23.73214,24.10607,367892000
2012-08-31,23.83036,23.87857,23.47321,23.75857,338321200
2012-08-30,23.95143,23.98393,23.67321,23.70964,302699600
2012-08-29,24.11607,24.2025,24.021429,24.0525,202806800
2012-08-28,24.10643,24.14643,23.9525,24.1,267416800
2012-08-27,24.28536,24.31679,24.055,24.13143,427008400
2012-08-24,23.55393,23.91,23.4125,23.68643,437340400
2012-08-23,23.78964,23.925,23.6125,23.66536,420128800
2012-08-22,23.37214,23.89286,23.14679,23.88821,565322800
2012-08-21,23.95786,24.10286,23.22607,23.43071,812719600
2012-08-20,23.21464,23.75536,23.21071,23.75536,613384800
2012-08-17,22.85714,23.14964,22.81464,23.14679,442761200
2012-08-16,22.54321,22.74143,22.51786,22.72643,254534000
2012-08-15,22.54643,22.64286,22.41964,22.52964,257342400
2012-08-14,22.56679,22.8075,22.5075,22.56036,340169200
2012-08-13,22.26393,22.5,22.25893,22.5,278832400
2012-08-10,22.096786,22.20571,22.09643,22.20357,194938800
2012-08-09,22.066071,22.20464,22.064285,22.16893,221642400
2012-08-08,22.12107,22.28143,22.039286,22.13786,244706000
2012-08-07,22.24179,22.32143,22.072857,22.17536,290446800
2012-08-06,22.04607,22.31679,21.97357,22.23393,302103200
2012-08-03,21.91536,22.070715,21.84143,21.98929,344920800
2012-08-02,21.53,21.81036,21.4375,21.70679,332158400
2012-08-01,21.99679,22.014286,21.53571,21.67179,384501600
2012-07-31,21.54393,21.84643,21.52571,21.81286,462327600
2012-07-30,21.10429,21.40857,20.99357,21.25107,379142400
2012-07-27,20.53607,20.9225,20.41393,20.89857,403936400
2012-07-26,20.70571,20.72857,20.37,20.53143,406632800
2012-07-25,20.51643,20.74286,20.35714,20.53464,877312800
2012-07-24,21.69214,21.77429,21.37536,21.46143,565132400
2012-07-23,21.22857,21.63929,20.98964,21.56536,487975600
2012-07-20,21.89393,21.94429,21.56071,21.58214,397471200
2012-07-19,21.83143,21.97679,21.64286,21.94,436861600
2012-07-18,21.66393,21.72643,21.55571,21.65214,252700000
2012-07-17,21.81393,21.83929,21.54107,21.67643,293624800
2012-07-16,21.61143,21.84357,21.60786,21.67536,301260400
2012-07-13,21.53393,21.68536,21.42857,21.60607,311427200
2012-07-12,21.43714,21.5525,21.16714,21.38929,428041600
2012-07-11,21.64714,21.70214,21.32929,21.58679,469322000
2012-07-10,22.070356,22.13821,21.61821,21.72179,511957600
2012-07-09,21.61786,21.925,21.57536,21.92464,379405600
2012-07-06,21.68179,21.73,21.485,21.63857,418930400
2012-07-05,21.44857,21.94071,21.41607,21.78357,484383200
2012-07-03,21.24571,21.42857,21.21429,21.4075,241712800
2012-07-02,20.88321,21.19536,20.84286,21.16143,400092000
2012-06-29,20.64286,20.85714,20.50893,20.85714,421500800
2012-06-28,20.41679,20.5,20.20036,20.32321,282836400
2012-06-27,20.53571,20.59786,20.42571,20.51786,202997200
2012-06-26,20.40464,20.5175,20.26179,20.42964,276536400
2012-06-25,20.61786,20.70714,20.37036,20.38464,304382400
2012-06-22,20.68,20.7925,20.55071,20.78929,284471600
2012-06-21,20.90857,21.0078564,20.62286,20.63107,326351200
2012-06-20,21.0074997,21.044643,20.74286,20.91929,358943200
2012-06-19,20.83571,21.071428,20.825,20.97893,361404400
2012-06-18,20.39143,20.99607,20.37036,20.92071,440412000
2012-06-15,20.39286,20.52214,20.34107,20.50464,335255200
2012-06-14,20.40143,20.48214,20.25929,20.41179,345573200
2012-06-13,20.51857,20.66,20.37071,20.43429,293580000
2012-06-12,20.51643,20.59357,20.23929,20.57714,435380400
2012-06-11,20.99,21.017857,20.37964,20.39893,591264800
2012-06-08,20.41429,20.735,20.32143,20.72571,347516400
2012-06-07,20.6175,20.61857,20.375,20.41857,379766800
2012-06-06,20.2775,20.49464,20.19643,20.40929,401455600
2012-06-05,20.045357,20.23107,19.94036,20.10107,388214400
2012-06-04,20.053572,20.26786,19.58929,20.15321,556995600
2012-06-01,20.32714,20.45179,20.018572,20.035357,520987600
2012-05-31,20.74071,20.76786,20.40929,20.63321,491674400
2012-05-30,20.32857,20.71393,20.23429,20.68464,529429600
2012-05-29,20.38929,20.5,20.18964,20.43821,380508800
2012-05-25,20.16393,20.20893,19.94536,20.081785,328507200
2012-05-24,20.56679,20.58929,20.043928,20.19,496230000
2012-05-23,19.91071,20.45714,19.75821,20.37714,584897600
2012-05-22,20.34107,20.49571,19.735,19.89179,694870400
2012-05-21,19.089287,20.055,19.073214,20.045713,631106000
2012-05-18,19.07,19.4075,18.64929,18.94214,732292400
2012-05-17,19.47536,19.55357,18.93286,18.93286,717220000
2012-05-16,19.7875,19.88893,19.32286,19.50286,560896000
2012-05-15,20.051786,20.115,19.70536,19.75607,476336000
2012-05-14,20.091785,20.26821,19.91429,19.93643,352626400
2012-05-11,20.17857,20.51679,20.15536,20.23964,399546000
2012-05-10,20.52071,20.56714,20.30143,20.37571,333200000
2012-05-09,20.13214,20.49929,20.030357,20.32786,480704000
2012-05-08,20.34214,20.41071,19.95464,20.29214,497252000
2012-05-07,20.053572,20.45607,20.043928,20.33857,460118400
2012-05-04,20.61,20.65571,20.18464,20.1875,529992400
2012-05-03,21.089287,21.12143,20.725,20.77929,390549600
2012-05-02,20.72286,20.97857,20.67357,20.92786,427389200
2012-05-01,20.88929,21.31286,20.75821,20.79036,610999200
2012-04-30,21.35,21.37143,20.82143,20.85643,506144800
2012-04-27,21.60964,21.64929,21.44643,21.53571,406722400
2012-04-26,21.93821,21.95321,21.50464,21.70357,536068400
2012-04-25,21.98714,22.071428,21.64286,21.78571,905777600
2012-04-24,20.093214,20.27464,19.82143,20.01,1076149200
2012-04-23,20.37893,20.59536,19.87929,20.41786,966529200
2012-04-20,21.12071,21.23643,20.37214,20.46357,1030985200
2012-04-19,21.43643,21.5975,20.87571,20.98,834719200
2012-04-18,21.91857,22.15179,21.52536,21.72643,954531200
2012-04-17,20.67643,21.78571,20.42536,21.775,1025528000
2012-04-16,21.78786,21.79571,20.65179,20.71893,1050786800
2012-04-13,22.28964,22.31071,21.55393,21.61536,859644800
2012-04-12,22.32143,22.5475,22.16071,22.24179,614336800
2012-04-11,22.72143,22.74536,22.26214,22.36429,696614800
2012-04-10,22.85464,23.0,22.35714,22.44429,889725200
2012-04-09,22.36179,22.85143,22.33214,22.7225,597536800
2012-04-05,22.39214,22.66643,22.26429,22.63143,641298000
2012-04-04,22.29821,22.35214,22.035713,22.29679,572980800
2012-04-03,22.40357,22.57893,22.2325,22.47571,834559600
2012-04-02,21.49393,22.098928,21.44214,22.093929,598351600
2012-03-30,21.74179,21.80571,21.355,21.4125,731038000
2012-03-29,21.885,22.02,21.68679,21.78071,608238400
2012-03-28,22.084999,22.19464,21.79679,22.057858,655460400
2012-03-27,21.64929,22.01,21.645,21.94571,607129600
2012-03-26,21.42107,21.68393,21.25929,21.67786,595742000
2012-03-23,21.44607,21.49286,21.22857,21.2875,430488800
2012-03-22,21.34929,21.58929,21.26893,21.405,623870800
2012-03-21,21.52643,21.77321,21.47893,21.51786,644042000
2012-03-20,21.41107,21.675,21.12429,21.64143,816662000
2012-03-19,21.37036,21.49179,21.0375,21.46786,901236000
2012-03-16,20.88286,21.042856,20.64286,20.91321,825487600
2012-03-15,21.41464,21.42893,20.6625,20.91286,1159718000
2012-03-14,20.64464,21.24,20.55,21.056429,1418844000
2012-03-13,19.91214,20.29214,19.84821,20.28929,690855200
2012-03-12,19.60643,19.71429,19.53571,19.71429,407282400
2012-03-09,19.43607,19.56214,19.39679,19.47036,418919200
2012-03-08,19.096071,19.3925,19.0042858,19.35679,516457200
2012-03-07,19.17143,19.20643,18.68929,18.95321,798520800
2012-03-06,18.70214,19.060356,18.43643,18.93786,810238800
2012-03-05,19.47929,19.55286,18.78571,19.04143,809124400
2012-03-02,19.43714,19.52857,19.37571,19.47071,431712400
2012-03-01,19.5775,19.57893,19.24179,19.44536,683270000
2012-02-29,19.34143,19.5575,19.13214,19.37286,952011200
2012-02-28,18.85571,19.12179,18.78036,19.12179,600387200
2012-02-27,18.61821,18.875,18.43857,18.77714,547582000
2012-02-24,18.55964,18.675,18.52286,18.6575,415072000
2012-02-23,18.39571,18.49393,18.19643,18.4425,568027600
2012-02-22,18.32429,18.41036,18.18107,18.32286,483302400
2012-02-21,18.10286,18.3875,18.0042858,18.3875,605595200
2012-02-17,17.96821,18.13464,17.86786,17.93286,535805200
2012-02-16,17.55357,18.031786,17.37964,17.93607,944552000
2012-02-15,18.36643,18.79607,17.74607,17.77393,1506120000
2012-02-14,18.023571,18.19857,17.92857,18.195,460398400
2012-02-13,17.84036,17.99393,17.75321,17.95,517216000
2012-02-10,17.53429,17.77214,17.44821,17.62214,631302000
2012-02-09,17.17,17.74107,17.16286,17.61321,884214800
2012-02-08,16.80357,17.028214,16.775,17.024286,407890000
2012-02-07,16.61607,16.77679,16.59214,16.74393,316223600
2012-02-06,16.37071,16.60643,16.36429,16.57036,249412800
2012-02-03,16.33214,16.42857,16.27,16.41714,286599600
2012-02-02,16.28214,16.3275,16.21357,16.25429,186796400
2012-02-01,16.37179,16.3925,16.26964,16.2925,270046000
2012-01-31,16.27107,16.36571,16.18107,16.30286,391683600
2012-01-30,15.91821,16.21071,15.90679,16.17893,379341200
2012-01-27,15.86929,16.017143,15.84893,15.97429,299709200
2012-01-26,16.012857,16.028214,15.82643,15.87964,323985200
2012-01-25,16.23,16.23036,15.8475,15.95214,958314000
2012-01-24,15.18214,15.18214,14.98393,15.014643,547638000
2012-01-23,15.095357,15.30179,15.082143,15.26464,306062400
2012-01-20,15.2675,15.26786,14.99107,15.010714,413974400
2012-01-19,15.3625,15.40607,15.2325,15.27679,261738400
2012-01-18,15.24857,15.33821,15.225,15.32536,276791200
2012-01-17,15.15,15.21393,15.10571,15.16786,242897200
2012-01-13,14.98929,15.016071,14.95214,14.99321,226021600
2012-01-12,15.081429,15.10357,14.95536,15.049643,212587200
2012-01-11,15.095714,15.10179,14.97536,15.091071,215084800
2012-01-10,15.21107,15.21429,15.053571,15.11571,258196400
2012-01-09,15.19643,15.27679,15.048214,15.061786,394024400
2012-01-06,14.99179,15.098214,14.97214,15.085714,318292800
2012-01-05,14.81964,14.94821,14.73821,14.92964,271269600
2012-01-04,14.64286,14.81,14.61714,14.76571,260022000
2012-01-03,14.62143,14.73214,14.60714,14.68679,302220800
2011-12-30,14.41107,14.51,14.41036,14.46429,179662000
2011-12-29,14.40714,14.4875,14.30393,14.46857,215978000
2011-12-28,14.53179,14.58036,14.33357,14.38,228662000
2011-12-27,14.39643,14.61036,14.39357,14.51893,265076000
2011-12-23,14.27464,14.41393,14.2675,14.40464,269399200
2011-12-22,14.17857,14.25464,14.14643,14.23393,202358800
2011-12-21,14.1675,14.18929,14.00035667,14.15893,262948000
2011-12-20,13.84857,14.14643,13.83071,14.14107,337215200
2011-12-19,13.65964,13.74464,13.58857,13.65036,235530400
2011-12-16,13.58429,13.71964,13.55607,13.60786,421478400
2011-12-15,13.69036,13.705,13.51107,13.53357,256200000
2011-12-14,13.81071,13.835,13.48857,13.57821,406887600
2011-12-13,14.035714,14.12143,13.825,13.88607,338928800
2011-12-12,13.98857,14.067857,13.90893,13.99429,301067200
2011-12-09,14.030357,14.072857,13.96536,14.057857,296993200
2011-12-08,13.98036,14.125,13.93679,13.95214,376356400
2011-12-07,13.92607,13.96214,13.81286,13.89607,304746400
2011-12-06,14.018214,14.093929,13.90643,13.9625,283598000
2011-12-05,14.053214,14.1575,13.9425,14.036071,357210000
2011-12-02,13.9225,14.058214,13.87786,13.91786,379055600
2011-12-01,13.66214,13.89286,13.59821,13.85464,387181200
2011-11-30,13.6175,13.65286,13.51071,13.65,405938400
2011-11-29,13.42286,13.52964,13.22143,13.32857,375855200
2011-11-28,13.29821,13.45429,13.22607,13.43286,346413200
2011-11-25,13.15786,13.25536,12.97571,12.98464,254760800
2011-11-23,13.37536,13.42286,13.10286,13.10679,428271200
2011-11-22,13.25071,13.4975,13.24786,13.44679,409021200
2011-11-21,13.22857,13.27429,13.068214,13.17893,447980400
2011-11-18,13.53286,13.57107,13.38857,13.39071,371938000
2011-11-17,13.71357,13.735,13.41071,13.47893,479900400
2011-11-16,13.90179,13.96929,13.72571,13.74179,349210400
2011-11-15,13.6,13.91071,13.55179,13.88679,430810800
2011-11-14,13.69714,13.75893,13.50714,13.545,432905200
2011-11-11,13.8075,13.88214,13.58071,13.73643,653786000
2011-11-10,14.17964,14.18607,13.64821,13.75786,744752400
2011-11-09,14.1775,14.3175,14.079643,14.11714,558684000
2011-11-08,14.36464,14.57143,14.34143,14.50821,400442000
2011-11-07,14.2825,14.28571,14.1475,14.27607,270275600
2011-11-04,14.35821,14.40857,14.25571,14.29429,302229200
2011-11-03,14.2525,14.40714,14.12,14.39536,441386400
2011-11-02,14.28893,14.30143,14.11107,14.19321,327350800
2011-11-01,14.19321,14.26786,14.043571,14.16107,531790000
2011-10-31,14.37214,14.61893,14.32321,14.45643,385501200
2011-10-28,14.39286,14.5125,14.37536,14.4625,322842800
2011-10-27,14.55571,14.60714,14.35321,14.45321,494664800
2011-10-26,14.34857,14.37679,14.041071,14.30714,456304800
2011-10-25,14.46536,14.51964,14.19214,14.20607,430427200
2011-10-24,14.14929,14.51786,14.12143,14.49179,502138000
2011-10-21,14.21786,14.255,13.95536,14.031071,621244400
2011-10-20,14.28571,14.29821,14.078929,14.11821,549270400
2011-10-19,14.33393,14.58643,14.20714,14.23643,1104059600
2011-10-18,15.062857,15.17179,14.85679,15.08,881602400
2011-10-17,15.062143,15.23929,14.855,14.99964,686044800
2011-10-14,14.88679,15.071429,14.83107,15.071429,573367200
2011-10-13,14.46357,14.58679,14.3875,14.58679,426185200
2011-10-12,14.54786,14.61607,14.29071,14.36393,622286000
2011-10-11,14.020357,14.39929,13.98214,14.29607,605687600
2011-10-10,13.53893,13.88607,13.5075,13.88607,442514800
2011-10-07,13.42071,13.49071,13.16036,13.20714,535458000
2011-10-06,13.33321,13.74214,13.27857,13.4775,812582400
2011-10-05,13.13786,13.565,12.86786,13.50893,786469600
2011-10-04,13.3775,13.63571,12.65143,13.30357,1233677200
2011-10-03,13.58464,13.66571,13.3275,13.37857,669099200
2011-09-30,13.82571,13.88893,13.61357,13.61857,547640800
2011-09-29,14.35429,14.36464,13.79321,13.94893,651086800
2011-09-28,14.2925,14.41929,14.16107,14.17893,429637600
2011-09-27,14.5975,14.61607,14.21643,14.25929,632497600
2011-09-26,14.28071,14.42786,13.975,14.39893,812876400
2011-09-23,14.29571,14.52643,14.28036,14.43929,546277200
2011-09-22,14.3225,14.63643,14.16786,14.35071,968480800
2011-09-21,14.98714,15.056786,14.71429,14.71929,605976000
2011-09-20,14.83036,15.10214,14.68536,14.76607,775754000
2011-09-19,14.17857,14.75821,14.11429,14.70107,823860800
2011-09-16,14.12643,14.30357,14.10821,14.30357,698513200
2011-09-15,13.97964,14.059286,13.925,14.034286,417818800
2011-09-14,13.82214,14.0074997,13.77714,13.90357,534724400
2011-09-13,13.64786,13.79321,13.58036,13.73643,440560400
2011-09-12,13.32143,13.60286,13.28214,13.56929,467832400
2011-09-09,13.71179,13.78571,13.39357,13.48143,564813200
2011-09-08,13.65714,13.87893,13.65393,13.71929,416158400
2011-09-07,13.77,13.77143,13.64286,13.71179,350576800
2011-09-06,13.12036,13.58321,13.088571,13.56214,509698000
2011-09-02,13.38357,13.5,13.27964,13.35893,438939200
2011-09-01,13.77929,13.83357,13.59714,13.60821,343725200
2011-08-31,13.94893,14.0028572,13.63786,13.74393,522586400
2011-08-30,13.86607,13.99429,13.79321,13.92821,417922400
2011-08-29,13.86357,13.98214,13.85714,13.9275,405269200
2011-08-26,13.25607,13.70714,13.24286,13.69929,641477200
2011-08-25,13.038571,13.40893,13.035714,13.34714,871346000
2011-08-24,13.33821,13.53429,13.23571,13.435,626267600
2011-08-23,12.86786,13.34429,12.75,13.34286,656835200
2011-08-22,13.018214,13.031429,12.68179,12.73,535315200
2011-08-19,12.93464,13.10714,12.71429,12.71536,775888400
2011-08-18,13.24429,13.30893,12.90607,13.073214,851435200
2011-08-17,13.65393,13.73286,13.5,13.58714,442061200
2011-08-16,13.62571,13.69179,13.43071,13.58857,498750000
2011-08-15,13.55821,13.74893,13.50321,13.69321,460544000
2011-08-12,13.5025,13.55857,13.36536,13.46393,528976000
2011-08-11,13.23286,13.40893,13.025714,13.34643,741969200
2011-08-10,13.25536,13.38036,12.94643,12.98893,878656800
2011-08-09,12.90357,13.37893,12.67857,13.3575,1082583600
2011-08-08,12.9175,13.13464,12.60786,12.61464,1143833600
2011-08-05,13.58714,13.69643,12.94893,13.34357,1204590800
2011-08-04,13.9075,13.97571,13.47679,13.4775,871407600
2011-08-03,13.96357,14.055357,13.65143,14.020357,732508000
2011-08-02,14.20179,14.21071,13.86964,13.88964,639539600
2011-08-01,14.20643,14.26786,14.013214,14.16964,612836000
2011-07-29,13.84429,14.1125,13.71429,13.94571,632584400
2011-07-28,13.98643,14.17821,13.86179,13.99357,594034000
2011-07-27,14.30679,14.38,14.0053568,14.021071,659324400
2011-07-26,14.28571,14.44643,14.27429,14.4075,476582400
2011-07-25,13.94107,14.28571,13.915,14.23214,589806000
2011-07-22,13.86857,14.10893,13.84821,14.046429,516728800
2011-07-21,13.81964,13.93071,13.71071,13.83179,526534400
2011-07-20,14.14714,14.1525,13.78571,13.81786,941340400
2011-07-19,13.5,13.52321,13.33286,13.45893,819145600
2011-07-18,13.051071,13.38036,13.045714,13.35,572653200
2011-07-15,12.89893,13.035714,12.8275,13.032857,484467200
2011-07-14,12.89321,12.91464,12.72643,12.7775,430533600
2011-07-13,12.7975,12.85714,12.72786,12.78643,391638800
2011-07-12,12.62607,12.77429,12.45071,12.63393,451609200
2011-07-11,12.72643,12.84893,12.60071,12.64286,442674400
2011-07-08,12.61929,12.85714,12.57857,12.84679,489633200
2011-07-07,12.66679,12.78571,12.64286,12.75714,399663600
2011-07-06,12.4625,12.64643,12.3825,12.56286,444626000
2011-07-05,12.25,12.49393,12.23214,12.47964,355054000
2011-07-01,11.99821,12.26786,11.93571,12.25929,435313200
2011-06-30,11.95357,12.0046434,11.88714,11.98821,322954800
2011-06-29,12.0014286,12.013214,11.85286,11.93,352545200
2011-06-28,11.91607,12.025,11.90857,11.97357,294299600
2011-06-27,11.69964,11.925,11.6875,11.85857,339813600
2011-06-24,11.83464,11.89821,11.61036,11.65536,439807200
2011-06-23,11.39071,11.84607,11.36143,11.82964,559759200
2011-06-22,11.61286,11.74643,11.51357,11.52179,390583200
2011-06-21,11.31,11.63571,11.25714,11.61786,493382400
2011-06-20,11.33429,11.34643,11.089286,11.26143,640645600
2011-06-17,11.74964,11.75893,11.40571,11.43786,615020000
2011-06-16,11.675,11.73857,11.36893,11.61286,510591200
2011-06-15,11.77679,11.79643,11.60286,11.66964,399196000
2011-06-14,11.78571,11.90179,11.76107,11.87286,334569200
2011-06-13,11.68571,11.72536,11.60964,11.66429,329473200
2011-06-10,11.80536,11.845,11.62536,11.63929,433955200
2011-06-09,11.90179,11.91679,11.8125,11.83893,275088800
2011-06-08,11.84929,11.95714,11.80893,11.86571,333723600
2011-06-07,12.0775,12.079286,11.85357,11.85857,529785200
2011-06-06,12.34643,12.39464,12.064643,12.072857,461941200
2011-06-03,12.25643,12.33321,12.21464,12.26571,313250000
2011-06-02,12.375,12.42786,12.29643,12.36071,338783200
2011-06-01,12.45964,12.57607,12.30893,12.33964,554682800
2011-05-31,12.18214,12.4225,12.17857,12.4225,417754400
2011-05-27,11.95714,12.058214,11.93964,12.050357,203599200
2011-05-26,11.99893,12.031786,11.94393,11.96429,222560800
2011-05-25,11.90821,12.091429,11.8875,12.027857,294224000
2011-05-24,11.98214,11.99643,11.83357,11.86393,321927200
2011-05-23,11.78464,11.99929,11.765,11.94286,383600000
2011-05-20,12.12714,12.17679,11.965,11.97214,337968400
2011-05-19,12.21714,12.22893,12.095357,12.16179,261170000
2011-05-18,12.016786,12.18036,12.0,12.13821,334776400
2011-05-17,11.85714,12.0050001,11.81179,12.0050001,452334400
2011-05-16,12.11429,12.18643,11.87857,11.90357,449775200
2011-05-13,12.345,12.36607,12.15536,12.16071,326116000
2011-05-12,12.36143,12.39714,12.22393,12.3775,322000000
2011-05-11,12.465,12.5,12.33,12.40107,336000000
2011-05-10,12.46036,12.48893,12.38071,12.48036,282091600
2011-05-09,12.42357,12.47143,12.37607,12.41429,204747200
2011-05-06,12.48893,12.5,12.36464,12.38071,280134400
2011-05-05,12.44286,12.53393,12.35893,12.38393,335969200
2011-05-04,12.43786,12.56536,12.38857,12.48464,389250400
2011-05-03,12.42821,12.49607,12.34357,12.43571,313348000
2011-05-02,12.49071,12.51679,12.33929,12.36714,442713600
2011-04-29,12.385,12.64107,12.38107,12.50464,1006345200
2011-04-28,12.36393,12.49107,12.34,12.38393,360959200
2011-04-27,12.58,12.58393,12.39643,12.50536,356213200
2011-04-26,12.62929,12.67821,12.47679,12.515,338800000
2011-04-25,12.51214,12.63393,12.51071,12.6075,266546000
2011-04-21,12.67857,12.68321,12.44714,12.525,753810400
2011-04-20,12.26821,12.34821,12.19643,12.22893,700666400
2011-04-19,11.89643,12.070714,11.84679,12.066429,419378400
2011-04-18,11.64643,11.86536,11.43429,11.85179,609898800
2011-04-15,11.90357,11.91571,11.67143,11.695,453605600
2011-04-14,11.95714,12.0,11.85929,11.87214,301800800
2011-04-13,11.965,12.0050001,11.87571,12.0046434,346220000
2011-04-12,11.80321,11.91893,11.79286,11.87143,425639200
2011-04-11,11.93071,11.98821,11.78643,11.81429,398946800
2011-04-08,12.14,12.14821,11.92679,11.96643,377535200
2011-04-07,12.075,12.15821,12.001071,12.074286,373447200
2011-04-06,12.18643,12.28214,12.040714,12.072857,402539200
2011-04-05,12.035357,12.22321,12.0,12.10321,482731200
2011-04-04,12.29679,12.30714,12.085714,12.18536,460084800
2011-04-01,12.53964,12.55679,12.26071,12.30571,418661600
2011-03-31,12.37,12.49286,12.35929,12.44679,274019200
2011-03-30,12.52286,12.53143,12.40857,12.45107,329406000
2011-03-29,12.41643,12.53429,12.35929,12.53429,352900800
2011-03-28,12.6125,12.65429,12.51571,12.51571,309355200
2011-03-25,12.43107,12.57357,12.39357,12.555,448910000
2011-03-24,12.20893,12.35714,12.10214,12.32036,404712000
2011-03-23,12.11714,12.15071,11.99821,12.11393,372996400
2011-03-22,12.23429,12.23643,12.11214,12.18571,325922800
2011-03-21,11.99964,12.13357,11.97357,12.11786,409402000
2011-03-18,12.040357,12.078571,11.78571,11.80964,753214000
2011-03-17,12.029643,12.12893,11.80929,11.95143,659422400
2011-03-16,12.21429,12.25,11.65214,11.78607,1162011200
2011-03-15,12.21786,12.42286,12.14643,12.33679,721081200
2011-03-14,12.61357,12.73143,12.54679,12.62714,435957200
2011-03-11,12.33321,12.58286,12.32143,12.57107,471080400
2011-03-10,12.46857,12.49179,12.31786,12.38107,507539200
2011-03-09,12.6675,12.67,12.52143,12.58821,453306000
2011-03-08,12.67536,12.76429,12.58036,12.70571,356316800
2011-03-07,12.90714,12.91679,12.54679,12.69143,546123200
2011-03-04,12.85964,12.8675,12.77679,12.85714,453266800
2011-03-03,12.75679,12.84964,12.71143,12.84143,500788400
2011-03-02,12.49857,12.65536,12.44286,12.57571,602590800
2011-03-01,12.69536,12.70429,12.41714,12.47536,456136800
2011-02-28,12.54429,12.68036,12.54,12.61464,403074000
2011-02-25,12.33071,12.44393,12.31429,12.43429,380018800
2011-02-24,12.28643,12.32679,12.084643,12.24571,499900800
2011-02-23,12.098929,12.30857,12.093214,12.23643,671854400
2011-02-22,12.21964,12.33571,12.061429,12.093214,872555600
2011-02-18,12.81107,12.83929,12.48286,12.52,816057200
2011-02-17,12.75893,12.86679,12.73286,12.79643,530583200
2011-02-16,12.88571,13.032143,12.875,12.96893,481157600
2011-02-15,12.82821,12.85607,12.76964,12.85357,284174800
2011-02-14,12.7425,12.83857,12.73964,12.82786,310416400
2011-02-11,12.66964,12.77857,12.62643,12.74464,367572800
2011-02-10,12.76393,12.85714,12.42857,12.66214,928550000
2011-02-09,12.68536,12.82143,12.67393,12.79143,482745200
2011-02-08,12.63143,12.69714,12.57679,12.68571,381040800
2011-02-07,12.42464,12.61607,12.41571,12.56714,485021600
2011-02-04,12.27286,12.38214,12.26821,12.375,321840400
2011-02-03,12.27857,12.29429,12.091071,12.26571,393797600
2011-02-02,12.30179,12.33036,12.26964,12.29714,258955200
2011-02-01,12.18929,12.34464,12.17786,12.3225,426633200
2011-01-31,11.99286,12.14429,11.93929,12.11857,377246800
2011-01-28,12.29179,12.3,11.91179,12.0035706,592057200
2011-01-27,12.27786,12.31036,12.24393,12.2575,285026000
2011-01-26,12.24857,12.34286,12.19643,12.28036,506875600
2011-01-25,12.011786,12.19429,11.94893,12.19286,546868000
2011-01-24,11.67393,12.051786,11.66857,12.051786,574683200
2011-01-21,11.92036,11.96,11.66536,11.66857,754401200
2011-01-20,12.015357,12.082143,11.79,11.88143,764789200
2011-01-19,12.44107,12.45,12.031429,12.10143,1135612800
2011-01-18,11.76857,12.31286,11.64286,12.16607,1880998000
2011-01-14,12.35321,12.44571,12.30143,12.44571,308840000
2011-01-13,12.32714,12.38,12.28036,12.34571,296780400
2011-01-12,12.25893,12.30107,12.21429,12.30071,302590400
2011-01-11,12.31714,12.32,12.12393,12.20143,444108000
2011-01-10,12.10107,12.25821,12.041786,12.23036,448560000
2011-01-07,11.92821,12.0125,11.85357,12.0042858,311931200
2011-01-06,11.95429,11.97321,11.88929,11.91893,300428800
2011-01-05,11.76964,11.94071,11.76786,11.92857,255519600
2011-01-04,11.87286,11.875,11.71964,11.83179,309080800
2011-01-03,11.63,11.795,11.60143,11.77036,445138400
2010-12-31,11.53393,11.55286,11.47536,11.52,193508000
2010-12-30,11.62429,11.62536,11.5375,11.55929,157494400
2010-12-29,11.65071,11.65893,11.61071,11.6175,163139200
2010-12-28,11.63964,11.66643,11.60929,11.62393,175924000
2010-12-27,11.53036,11.62286,11.48286,11.59571,249816000
2010-12-23,11.60714,11.6125,11.54179,11.55714,223157200
2010-12-22,11.58429,11.63286,11.55536,11.61286,265921600
2010-12-21,11.53571,11.58536,11.50179,11.57857,256354000
2010-12-20,11.48571,11.54464,11.36536,11.5075,385610400
2010-12-17,11.48679,11.4925,11.43679,11.45036,386929200
2010-12-16,11.4675,11.52179,11.43214,11.47321,322030800
2010-12-15,11.42857,11.53571,11.39964,11.44143,417312000
2010-12-14,11.49036,11.51929,11.39286,11.43893,351008000
2010-12-13,11.58464,11.60929,11.46429,11.48821,439815600
2010-12-10,11.41607,11.46607,11.37857,11.44857,262511200
2010-12-09,11.50464,11.51786,11.39357,11.42,294151200
2010-12-08,11.41536,11.465,11.32536,11.46464,321935600
2010-12-07,11.56429,11.57107,11.36143,11.36464,391454000
2010-12-06,11.38,11.51179,11.37214,11.43393,448481600
2010-12-03,11.32179,11.38036,11.29786,11.33714,342092800
2010-12-02,11.34036,11.39286,11.24607,11.3625,462837200
2010-12-01,11.25964,11.34821,11.25,11.3,461750800
2010-11-30,11.19786,11.22714,11.1025,11.1125,501858000
2010-11-29,11.26786,11.33857,11.12071,11.31679,445785200
2010-11-26,11.205,11.34643,11.17643,11.25,237585600
2010-11-24,11.14286,11.26429,11.13393,11.24286,413725200
2010-11-23,11.0875,11.13393,10.94857,11.026071,519447600
2010-11-22,10.95286,11.19143,10.92393,11.19143,393075200
2010-11-19,10.99893,11.014286,10.90143,10.95464,384843200
2010-11-18,10.9,11.059643,10.88179,11.015357,494491200
2010-11-17,10.75714,10.85679,10.63429,10.73214,479449600
2010-11-16,10.91857,10.98571,10.69,10.77107,657650000
2010-11-15,11.016429,11.090714,10.93821,10.96571,403606000
2010-11-12,11.28571,11.30357,10.84393,11.001071,795846800
2010-11-11,11.25,11.37143,11.22321,11.30893,361284000
2010-11-10,11.30857,11.38464,11.19821,11.35821,384227200
2010-11-09,11.46607,11.475,11.23214,11.28857,383544000
2010-11-08,11.32857,11.42036,11.31286,11.37929,281758400
2010-11-05,11.35679,11.41321,11.3125,11.32607,361253200
2010-11-04,11.26607,11.435,11.25107,11.36679,642488000
2010-11-03,11.12036,11.17429,11.018929,11.17143,508348400
2010-11-02,10.96429,11.078214,10.96429,11.048571,433930000
2010-11-01,10.79357,10.91429,10.79286,10.86357,423889200
2010-10-29,10.86536,10.92429,10.74536,10.74929,430511200
2010-10-28,10.99821,11.0,10.74643,10.90143,551051200
2010-10-27,10.9875,11.067857,10.91429,10.99393,399002800
2010-10-26,10.95964,11.062143,10.91607,11.0017862,392929600
2010-10-25,11.038929,11.12857,11.015714,11.03,392462000
2010-10-22,11.038214,11.072857,10.93929,10.98107,372778000
2010-10-21,11.15571,11.24071,10.95714,11.054286,551460000
2010-10-20,11.035714,11.22321,10.95964,11.090357,721624400
2010-10-19,10.83571,11.20607,10.715,11.053214,1232784000
2010-10-18,11.37393,11.39286,11.22464,11.35714,1093010800
2010-10-15,10.98,11.25,10.88964,11.24071,922194000
2010-10-14,10.77464,10.8025,10.72857,10.79679,435296400
2010-10-13,10.72143,10.78429,10.70714,10.71929,630092400
2010-10-12,10.55036,10.69643,10.44607,10.66214,558544000
2010-10-11,10.52643,10.61571,10.52143,10.54857,427753200
2010-10-08,10.41821,10.51786,10.35714,10.5025,658403200
2010-10-07,10.36929,10.37429,10.24679,10.32929,408399600
2010-10-06,10.3425,10.42821,10.18786,10.32821,670868800
2010-10-05,10.071429,10.3375,10.065,10.31929,501967200
2010-10-04,10.057143,10.10357,9.92036,9.95143,435302000
2010-10-01,10.21964,10.235,10.048214,10.09,448142800
2010-09-30,10.32143,10.35714,10.044643,10.13393,673391600
2010-09-29,10.25821,10.35036,10.21429,10.26321,469644000
2010-09-28,10.42036,10.42036,9.82143,10.245,1035042400
2010-09-27,10.49929,10.52607,10.39321,10.39857,482834800
2010-09-24,10.43214,10.48321,10.37679,10.44,649488000
2010-09-23,10.22607,10.45571,10.21429,10.31857,786116800
2010-09-22,10.096786,10.285,10.086071,10.27679,585289600
2010-09-21,10.13786,10.2625,10.099643,10.13464,668074400
2010-09-20,9.86,10.135,9.85179,10.11536,658677600
2010-09-17,9.9175,9.92714,9.77429,9.83464,634477200
2010-09-16,9.65143,9.88107,9.625,9.8775,652103200
2010-09-15,9.5775,9.65643,9.56571,9.65071,429368800
2010-09-14,9.5075,9.61321,9.48286,9.57357,408150400
2010-09-13,9.49357,9.58143,9.49143,9.53714,388780000
2010-09-10,9.39964,9.44643,9.33571,9.4075,387542400
2010-09-09,9.46571,9.51857,9.39,9.39536,438575200
2010-09-08,9.27786,9.4425,9.25357,9.39,526551200
2010-09-07,9.16571,9.26893,9.15179,9.2075,342557600
2010-09-03,9.11036,9.24214,9.089286,9.24179,520788800
2010-09-02,8.97357,9.0060711,8.8775,9.0060711,415427600
2010-09-01,8.83821,8.98071,8.79571,8.94036,697037600
2010-08-31,8.6375,8.73429,8.58393,8.68214,420786800
2010-08-30,8.59857,8.77679,8.59571,8.66071,383289200
2010-08-27,8.63393,8.66464,8.41286,8.62929,548391200
2010-08-26,8.76607,8.77679,8.58143,8.58143,466505200
2010-08-25,8.50143,8.71393,8.47143,8.67464,596867600
2010-08-24,8.66679,8.67857,8.52321,8.56893,602565600
2010-08-23,8.9925,9.0,8.75893,8.77857,414041600
2010-08-20,8.90679,9.068571,8.89286,8.91571,384230000
2010-08-19,9.03,9.052857,8.88143,8.92429,426706000
2010-08-18,9.012857,9.095357,8.985,9.038214,339696000
2010-08-17,8.93143,9.093929,8.9,8.99893,422640400
2010-08-16,8.84214,8.92893,8.80786,8.84429,318430000
2010-08-13,8.9875,8.99571,8.89607,8.89643,354869200
2010-08-12,8.81036,9.039286,8.79,8.9925,534920400
2010-08-11,9.12143,9.13179,8.92179,8.93536,620054400
2010-08-10,9.28036,9.30179,9.19821,9.26464,451920000
2010-08-09,9.33857,9.3625,9.27036,9.34821,303128000
2010-08-06,9.27786,9.33893,9.20107,9.28893,444897600
2010-08-05,9.3475,9.39929,9.30536,9.34643,289097200
2010-08-04,9.38714,9.43857,9.29679,9.39214,420375200
2010-08-03,9.32179,9.40214,9.265,9.35464,417653600
2010-08-02,9.30143,9.37821,9.27214,9.35179,428055600
2010-07-30,9.13893,9.275,9.10357,9.1875,448210000
2010-07-29,9.31107,9.38036,9.14643,9.21821,643806800
2010-07-28,9.41679,9.49964,9.29464,9.32,519985200
2010-07-27,9.31679,9.45714,9.29643,9.43143,584771600
2010-07-26,9.28571,9.28929,9.20393,9.26,420551600
2010-07-23,9.18179,9.29929,9.15286,9.28357,533388800
2010-07-22,9.20286,9.28571,9.11821,9.25071,645318800
2010-07-21,9.4675,9.46964,9.071429,9.08,1185671200
2010-07-20,8.675,9.032143,8.57179,8.99607,1074950800
2010-07-19,8.92429,8.92429,8.55714,8.77071,1024478000
2010-07-16,9.042143,9.10607,8.87179,8.925,1039858400
2010-07-15,8.86536,9.1775,8.83214,8.98036,824866000
2010-07-14,8.90643,9.13571,8.89286,9.026071,812047600
2010-07-13,9.15429,9.15714,8.80107,8.99286,1190924000
2010-07-12,9.23321,9.35179,9.10214,9.18893,562878400
2010-07-09,9.17464,9.28214,9.11286,9.27214,433322400
2010-07-08,9.37429,9.38929,9.10321,9.2175,738144400
2010-07-07,8.94607,9.24179,8.91964,9.23821,654556000
2010-07-06,8.96429,9.028571,8.79143,8.87964,615235600
2010-07-02,8.94607,8.96179,8.68571,8.81929,693842800
2010-07-01,9.082143,9.1,8.68643,8.87429,1022896000
2010-06-30,9.16821,9.21321,8.92893,8.98321,739452000
2010-06-29,9.43286,9.4425,9.082143,9.14893,1133344800
2010-06-28,9.53321,9.63393,9.44714,9.58214,584948000
2010-06-25,9.645,9.6525,9.49321,9.525,549942400
2010-06-24,9.67857,9.75714,9.575,9.60714,714277200
2010-06-23,9.80643,9.80929,9.56786,9.6775,768457200
2010-06-22,9.72,9.85607,9.69643,9.78036,717262000
2010-06-21,9.9175,9.96464,9.5975,9.64893,776490400
2010-06-18,9.72321,9.82143,9.69357,9.78821,784621600
2010-06-17,9.66429,9.74643,9.625,9.70964,872855200
2010-06-16,9.325,9.5625,9.30821,9.54464,783678000
2010-06-15,9.13,9.28036,9.125,9.27464,585074000
2010-06-14,9.14143,9.25536,9.071786,9.081429,602960400
2010-06-11,8.86536,9.066429,8.83464,9.053929,545759200
2010-06-10,8.74429,8.96357,8.65,8.94679,776356000
2010-06-09,8.98107,8.99643,8.66036,8.68571,854630000
2010-06-08,9.044286,9.064286,8.77321,8.90464,1000770400
2010-06-07,9.22464,9.25536,8.94821,8.96214,886942000
2010-06-04,9.22179,9.35357,9.093929,9.14143,758304400
2010-06-03,9.47071,9.48393,9.30036,9.39714,650106800
2010-06-02,9.44786,9.45714,9.2975,9.42679,688548000
2010-06-01,9.27464,9.49786,9.24857,9.31536,876472800
2010-05-28,9.26393,9.26429,9.048214,9.17429,815614800
2010-05-27,8.95,9.0675,8.89679,9.048214,666282400
2010-05-26,8.93143,9.0046434,8.70536,8.71821,850654000
2010-05-25,8.54821,8.81286,8.47,8.75786,1048006400
2010-05-24,8.83143,8.96071,8.795,8.81286,754238800
2010-05-21,8.315,8.73214,8.2625,8.65429,1223891200
2010-05-20,8.63857,8.70893,8.43607,8.49143,1282915200
2010-05-19,8.91071,9.032857,8.74464,8.86929,1025726800
2010-05-18,9.17786,9.23393,8.93786,9.012857,782678400
2010-05-17,9.096429,9.14929,8.84679,9.079286,762834800
2010-05-14,9.11286,9.16,8.91071,9.065,759362800
2010-05-13,9.40071,9.46429,9.15714,9.22714,599712400
2010-05-12,9.25857,9.3975,9.23929,9.36036,654379600
2010-05-11,8.99429,9.28179,8.94643,9.16143,848906800
2010-05-10,8.9375,9.094643,8.87607,9.071071,984306400
2010-05-07,8.70393,8.80607,8.043214,8.42357,1676018400
2010-05-06,9.065357,9.22321,7.11607,8.79464,1285860800
2010-05-05,9.036786,9.21929,8.88321,9.1425,883103200
2010-05-04,9.38893,9.40321,9.16964,9.23857,723819600
2010-05-03,9.42286,9.56714,9.38857,9.5125,454342000
2010-04-30,9.61821,9.66321,9.32143,9.32464,542463600
2010-04-29,9.39357,9.64286,9.3575,9.59429,558840800
2010-04-28,9.40179,9.42857,9.1575,9.34286,758402400
2010-04-27,9.54536,9.56571,9.30429,9.35857,709343600
2010-04-26,9.71,9.73071,9.57821,9.625,479068800
2010-04-23,9.57107,9.72071,9.53571,9.6725,796955600
2010-04-22,9.22286,9.52679,9.15,9.51679,793424800
2010-04-21,9.24286,9.29464,9.13321,9.25786,982391200
2010-04-20,8.87643,8.90179,8.67714,8.73536,738326400
2010-04-19,8.8225,8.85321,8.63464,8.82393,566924400
2010-04-16,8.8775,8.96929,8.73393,8.83571,750545600
2010-04-15,8.77786,8.89393,8.76821,8.89,376784800
2010-04-14,8.76,8.77893,8.71679,8.77464,404076400
2010-04-13,8.63786,8.67143,8.61107,8.65821,306210800
2010-04-12,8.65,8.68107,8.63607,8.65321,333026400
2010-04-09,8.6225,8.63893,8.58786,8.63536,334182800
2010-04-08,8.58714,8.62643,8.50143,8.56964,572989200
2010-04-07,8.55536,8.64,8.52357,8.59286,628502000
2010-04-06,8.50714,8.58,8.46429,8.555,447017200
2010-04-05,8.39214,8.51821,8.38464,8.5175,684507600
2010-04-01,8.47893,8.52607,8.3125,8.4275,603145200
2010-03-31,8.41036,8.45036,8.37357,8.39286,430659600
2010-03-30,8.45,8.48143,8.36607,8.42321,527310000
2010-03-29,8.32143,8.3525,8.27214,8.29964,540744400
2010-03-26,8.17679,8.28393,8.1625,8.24643,640875200
2010-03-25,8.24714,8.24893,8.080357,8.094643,542284400
2010-03-24,8.13,8.22143,8.12536,8.19179,597780400
2010-03-23,8.058571,8.17071,8.0035706,8.15571,602431200
2010-03-22,7.87393,8.071429,7.8625,8.026786,456419600
2010-03-19,8.028214,8.044286,7.90107,7.9375,559445600
2010-03-18,8.0035706,8.035714,7.95036,8.023214,342109600
2010-03-17,8.032143,8.0875,7.97393,8.0042858,450956800
2010-03-16,8.0064287,8.035,7.94679,8.016071,446908000
2010-03-15,8.049286,8.053571,7.86607,7.99429,493502800
2010-03-12,8.12036,8.13321,8.0625,8.092857,416323600
2010-03-11,7.99679,8.053571,7.97571,8.053571,405700400
2010-03-10,7.99393,8.052857,7.97143,8.03,596218000
2010-03-09,7.79679,8.035714,7.78179,7.965,920259200
2010-03-08,7.8575,7.86036,7.79464,7.82429,429889600
2010-03-05,7.67643,7.84643,7.66536,7.81964,899620400
2010-03-04,7.47429,7.53286,7.45107,7.52536,366041200
2010-03-03,7.46214,7.49536,7.42643,7.47607,372052800
2010-03-02,7.4975,7.52964,7.41929,7.45893,566546400
2010-03-01,7.34821,7.48214,7.3375,7.46393,550093600
2010-02-26,7.22786,7.3275,7.21429,7.30786,507460800
2010-02-25,7.049286,7.245,7.031786,7.21429,665126000
2010-02-24,7.079643,7.19429,7.065714,7.16643,460566400
2010-02-23,7.14286,7.19036,6.98964,7.037857,575094800
2010-02-22,7.22643,7.23214,7.11393,7.15786,390563600
2010-02-19,7.20929,7.25714,7.1825,7.2025,415469600
2010-02-18,7.20107,7.28179,7.17571,7.2475,422825200
2010-02-17,7.2925,7.29679,7.17357,7.23393,436396800
2010-02-16,7.21214,7.27464,7.19714,7.26429,543737600
2010-02-12,7.075357,7.20143,6.98214,7.15643,655468800
2010-02-11,6.96,7.13393,6.93071,7.095357,550345600
2010-02-10,6.99607,7.021429,6.93786,6.96857,370361600
2010-02-09,7.015,7.053571,6.95536,7.0067859,632886800
2010-02-08,6.98893,7.067143,6.92857,6.93286,478270800
2010-02-05,6.87964,7.0,6.81607,6.98071,850306800
2010-02-04,7.026071,7.084643,6.84179,6.85893,757652000
2010-02-03,6.97036,7.15,6.94357,7.11536,615328000
2010-02-02,6.99679,7.011429,6.90643,6.995,698342400
2010-02-01,6.87036,7.0,6.83214,6.95464,749876400
2010-01-29,7.18143,7.22143,6.79464,6.85929,1245952400
2010-01-28,7.31893,7.33929,7.096429,7.1175,1173502400
2010-01-27,7.3875,7.52071,7.12607,7.42429,1722568400
2010-01-26,7.35536,7.6325,7.235,7.355,1867110000
2010-01-25,7.2325,7.31071,7.14964,7.2525,1065699600
2010-01-22,7.385,7.41071,7.041429,7.0625,881767600
2010-01-21,7.57429,7.61821,7.40036,7.43107,608154400
2010-01-20,7.67536,7.69821,7.48214,7.56179,612152800
2010-01-19,7.44036,7.68536,7.40143,7.68,730007600
2010-01-15,7.53321,7.55714,7.3525,7.35464,594067600
2010-01-14,7.50393,7.51643,7.465,7.47964,432894000
2010-01-13,7.42393,7.53321,7.28929,7.52321,605892000
2010-01-12,7.47107,7.49179,7.37214,7.41857,594459600
2010-01-11,7.6,7.60714,7.44464,7.50393,462229600
2010-01-08,7.51071,7.57143,7.46643,7.57071,447610800
2010-01-07,7.5625,7.57143,7.46607,7.52071,477131200
2010-01-06,7.65643,7.68679,7.52679,7.53464,552160000
2010-01-05,7.66429,7.69964,7.61607,7.65643,601904800
2010-01-04,7.6225,7.66071,7.585,7.64321,493729600
2009-12-31,7.61179,7.61964,7.52,7.52607,352410800
2009-12-30,7.45821,7.57143,7.43964,7.55857,412084400
2009-12-29,7.59393,7.59714,7.45464,7.46786,445205600
2009-12-28,7.56143,7.64107,7.48607,7.5575,644565600
2009-12-24,7.26964,7.47679,7.2625,7.46571,500889200
2009-12-23,7.18571,7.22786,7.17179,7.21786,345525600
2009-12-22,7.12286,7.17321,7.095,7.15571,349515600
2009-12-21,7.0017862,7.13393,6.98821,7.079643,611906400
2009-12-18,6.89893,6.98214,6.87857,6.97964,608770400
2009-12-17,6.93786,6.96429,6.82143,6.85214,388838800
2009-12-16,6.96786,7.017857,6.94821,6.96536,352984800
2009-12-15,6.99393,7.053929,6.9025,6.93464,419459600
2009-12-14,6.9775,7.051071,6.87714,7.035,495790400
2009-12-11,7.063571,7.071429,6.90821,6.9525,429774800
2009-12-10,7.125,7.13214,7.0042858,7.015357,489669600
2009-12-09,6.83143,7.077143,6.79679,7.064286,684782000
2009-12-08,6.76286,6.86964,6.73929,6.78107,690398800
2009-12-07,6.90429,6.92036,6.73857,6.74821,714758800
2009-12-04,7.13214,7.13857,6.79571,6.90429,826884800
2009-12-03,7.050714,7.10643,7.0096431,7.017143,448719600
2009-12-02,7.10571,7.19357,6.99107,7.008214,715260000
2009-12-01,7.22286,7.24179,7.029643,7.034643,465763200
2009-11-30,7.1825,7.20286,7.098929,7.13964,424858000
2009-11-27,7.115,7.24857,7.084643,7.16393,295257200
2009-11-25,7.33571,7.34464,7.27714,7.2925,286454000
2009-11-24,7.33321,7.35286,7.24643,7.30143,318438400
2009-11-23,7.25,7.35714,7.24821,7.35286,474896800
2009-11-20,7.1125,7.15679,7.062857,7.14,406666400
2009-11-19,7.3075,7.3075,7.13571,7.16107,542326400
2009-11-18,7.37643,7.39286,7.28571,7.35571,374320800
2009-11-17,7.36,7.40857,7.32143,7.39286,396513600
2009-11-16,7.33857,7.42857,7.32179,7.37964,485206400
2009-11-13,7.24536,7.31536,7.21679,7.30179,343240800
2009-11-12,7.255,7.31679,7.19393,7.21393,363731200
2009-11-11,7.30571,7.32143,7.20821,7.25893,443870000
2009-11-10,7.17929,7.32071,7.17893,7.24929,401195200
2009-11-09,7.033571,7.21071,7.0092859,7.195,528855600
2009-11-06,6.87536,6.97107,6.87143,6.94071,295097600
2009-11-05,6.87143,6.96429,6.85071,6.92964,384801200
2009-11-04,6.81179,6.92321,6.79393,6.81464,487530400
2009-11-03,6.70893,6.76857,6.64,6.74107,522541600
2009-11-02,6.77857,6.88857,6.6275,6.76107,678983200
2009-10-30,7.0021429,7.028571,6.72036,6.73214,717525200
2009-10-29,6.96429,7.028929,6.86214,7.0125,570270400
2009-10-28,7.061071,7.072143,6.825,6.87143,818386800
2009-10-27,7.20214,7.24321,7.016071,7.048929,756551600
2009-10-26,7.27393,7.38393,7.14643,7.23143,484338400
2009-10-23,7.34643,7.35,7.25821,7.28357,420786800
2009-10-22,7.31071,7.42321,7.2325,7.32857,791392000
2009-10-21,7.12571,7.45393,7.11536,7.31857,1193726800
2009-10-20,7.16429,7.20536,7.066071,7.098571,1141039200
2009-10-19,6.70893,6.78571,6.62679,6.78071,942230800
2009-10-16,6.7625,6.79857,6.70857,6.71607,431426800
2009-10-15,6.7725,6.81857,6.76893,6.80571,373556400
2009-10-14,6.86607,6.86857,6.79393,6.83179,375510800
2009-10-13,6.80821,6.8275,6.775,6.78643,348020400
2009-10-12,6.82214,6.83964,6.77286,6.81464,288024800
2009-10-09,6.74893,6.81071,6.73643,6.8025,293272000
2009-10-08,6.80929,6.8375,6.74607,6.75964,438211200
2009-10-07,6.77714,6.80536,6.75107,6.79464,465668000
2009-10-06,6.705,6.78607,6.68929,6.78607,605085600
2009-10-05,6.65,6.67357,6.58107,6.64357,423133200
2009-10-02,6.47893,6.64071,6.47679,6.60357,553308000
2009-10-01,6.61964,6.65071,6.45357,6.45929,524711600
2009-09-30,6.6475,6.65893,6.52179,6.61964,539585200
2009-09-29,6.66893,6.69286,6.5825,6.62071,345385600
2009-09-28,6.56679,6.66714,6.5475,6.64821,337444800
2009-09-25,6.50036,6.625,6.48,6.51321,445239200
2009-09-24,6.68571,6.70357,6.5275,6.565,550880400
2009-09-23,6.62143,6.74643,6.60821,6.625,593563600
2009-09-22,6.61393,6.62071,6.53036,6.58857,356753600
2009-09-21,6.58179,6.61286,6.48643,6.57214,437715600
2009-09-18,6.63679,6.6625,6.59857,6.60786,601582800
2009-09-17,6.49929,6.67107,6.49893,6.59107,810572000
2009-09-16,6.35679,6.52679,6.35286,6.49536,754023200
2009-09-15,6.21571,6.27321,6.19964,6.25571,426470800
2009-09-14,6.10107,6.21071,6.080357,6.20429,322011200
2009-09-11,6.17536,6.185,6.1025,6.14857,348961200
2009-09-10,6.145,6.1875,6.10036,6.16286,491134000
2009-09-09,6.17071,6.23107,6.060714,6.11214,811087200
2009-09-08,6.17786,6.18357,6.14286,6.17607,315047600
2009-09-04,5.97429,6.096429,5.9675,6.0825,374628800
2009-09-03,5.94429,5.96786,5.89286,5.94821,293955200
2009-09-02,5.87929,5.98607,5.86107,5.89929,364249200
2009-09-01,5.99964,6.071429,5.89071,5.90357,469028000
2009-08-31,6.0057139,6.030357,5.94643,6.0075002,311337600
2009-08-28,6.1525,6.16036,6.018929,6.073214,453700800
2009-08-27,6.026786,6.056071,5.88679,6.051786,449181600
2009-08-26,6.032857,6.055357,5.95571,5.97893,303998800
2009-08-25,6.052143,6.105,6.040357,6.05,324354800
2009-08-24,6.075714,6.096786,6.0096431,6.037857,406929600
2009-08-21,5.9875,6.048929,5.95714,6.043571,416074400
2009-08-20,5.89214,5.95429,5.87893,5.94036,342031200
2009-08-19,5.8125,5.90357,5.80179,5.87857,413271600
2009-08-18,5.7725,5.86571,5.76464,5.85714,431152400
2009-08-17,5.84107,5.8425,5.69357,5.69964,524381200
2009-08-14,5.99786,6.008214,5.91179,5.95643,305816000
2009-08-13,5.95179,6.023929,5.94643,6.015,439980800
2009-08-12,5.80536,5.95393,5.80214,5.90393,445071200
2009-08-11,5.84607,5.87071,5.78143,5.81536,355342400
2009-08-10,5.91643,5.95,5.845,5.88286,300294400
2009-08-07,5.91036,5.95,5.88571,5.91107,387354800
2009-08-06,5.91357,5.94679,5.82464,5.85393,341616800
2009-08-05,5.91964,5.97821,5.86464,5.89679,423183600
2009-08-04,5.89036,5.91321,5.86464,5.9125,395810800
2009-08-03,5.90036,5.95143,5.88821,5.94393,394240000
2009-07-31,5.82107,5.89286,5.81821,5.83536,422536800
2009-07-30,5.775,5.88286,5.76786,5.81393,469604800
2009-07-29,5.675,5.73036,5.65179,5.71536,382158000
2009-07-28,5.67429,5.71786,5.62857,5.71429,363554800
2009-07-27,5.72036,5.74571,5.61643,5.71786,433311200
2009-07-24,5.60536,5.71429,5.58929,5.71393,438362400
2009-07-23,5.59393,5.65857,5.55571,5.63643,526962800
2009-07-22,5.63536,5.66893,5.57536,5.59786,874104000
2009-07-21,5.47464,5.47964,5.34821,5.41107,874781600
2009-07-20,5.47393,5.53714,5.38893,5.46107,735526400
2009-07-17,5.32429,5.42929,5.30821,5.41964,602154000
2009-07-16,5.20571,5.28643,5.19893,5.26857,393570800
2009-07-15,5.18,5.25,5.15429,5.24571,485587200
2009-07-14,5.0725,5.11357,5.041429,5.081071,347247600
2009-07-13,4.98357,5.083571,4.91179,5.083571,483501200
2009-07-10,4.86929,4.96321,4.86857,4.94714,445275600
2009-07-09,4.92,4.92821,4.85464,4.87,343025200
2009-07-08,4.85429,4.93,4.80071,4.90071,575929200
2009-07-07,4.94571,4.98857,4.82786,4.83571,461596800
2009-07-06,4.95357,4.96393,4.86607,4.95036,498688400
2009-07-02,5.044643,5.10107,4.9925,5.00071383,370479200
2009-07-01,5.125,5.16643,5.09,5.10107,414178800
2009-06-30,5.092143,5.13571,5.064286,5.086786,434224000
2009-06-29,5.12357,5.14107,5.055,5.070357,567616000
2009-06-26,4.9925,5.12714,4.99071,5.087143,439384400
2009-06-25,4.84821,5.007143,4.82893,4.995,589447600
2009-06-24,4.83643,4.91071,4.81643,4.865,485525600
2009-06-23,4.87143,4.89107,4.74571,4.78607,706532400
2009-06-22,5.023929,5.055714,4.86893,4.90607,634914000
2009-06-19,4.93107,4.98214,4.88929,4.98143,721856800
2009-06-18,4.86107,4.92857,4.8425,4.85286,427680400
2009-06-17,4.88107,4.90893,4.80464,4.84214,571412800
2009-06-16,4.88071,4.94536,4.86071,4.86964,514805200
2009-06-15,4.8575,4.89036,4.8175,4.86036,539750400
2009-06-12,4.9575,4.96786,4.85857,4.89179,563085600
2009-06-11,4.98393,5.055714,4.94821,4.99821,524823600
2009-06-10,5.081429,5.083929,4.93929,5.0089288,688623600
2009-06-09,5.13607,5.16286,5.019643,5.097143,676964400
2009-06-08,5.13643,5.15107,4.97964,5.1375,931652400
2009-06-05,5.18964,5.22857,5.11464,5.16679,632716000
2009-06-04,5.004643,5.14929,5.0014291,5.13357,550634000
2009-06-03,5.0,5.039643,4.96679,5.033929,565199600
2009-06-02,4.96393,5.047857,4.94107,4.98179,456223600
2009-06-01,4.87393,4.99964,4.85714,4.97679,452499600
2009-05-29,4.83536,4.85357,4.78036,4.85036,456534400
2009-05-28,4.76607,4.83536,4.71536,4.82393,487552800
2009-05-27,4.70643,4.82071,4.67536,4.75179,646422000
2009-05-26,4.45571,4.6725,4.44821,4.67071,636927200
2009-05-22,4.43036,4.435,4.34821,4.375,297998400
2009-05-21,4.46964,4.52786,4.38893,4.435,407946000
2009-05-20,4.55821,4.61464,4.475,4.49536,388584000
2009-05-19,4.52929,4.61821,4.49071,4.55179,372422400
2009-05-18,4.41893,4.525,4.34179,4.52321,458841600
2009-05-15,4.36857,4.45071,4.34321,4.37214,367567200
2009-05-14,4.27786,4.41179,4.275,4.39107,447826400
2009-05-13,4.40036,4.42929,4.26357,4.2675,595971600
2009-05-12,4.62714,4.6325,4.40179,4.44357,609481600
2009-05-11,4.54893,4.67714,4.54,4.6275,404658800
2009-05-08,4.60857,4.68679,4.50929,4.61393,467964000
2009-05-07,4.72607,4.72821,4.56786,4.60929,531776000
2009-05-06,4.76179,4.76786,4.65071,4.73214,473538800
2009-05-05,4.70536,4.745,4.68286,4.73964,398255200
2009-05-04,4.58,4.72321,4.56,4.71679,609358400
2009-05-01,4.49286,4.56964,4.49286,4.54429,397516000
2009-04-30,4.50786,4.53571,4.46143,4.49393,498489600
2009-04-29,4.45893,4.53036,4.4225,4.46929,458110800
2009-04-28,4.40536,4.5075,4.40214,4.425,455856800
2009-04-27,4.38929,4.46429,4.38071,4.45464,480690000
2009-04-24,4.45143,4.46929,4.39179,4.425,540764000
2009-04-23,4.52214,4.54286,4.41107,4.47857,945156800
2009-04-22,4.37964,4.47679,4.32857,4.33964,938767200
2009-04-21,4.24607,4.36214,4.23571,4.34857,470685600
2009-04-20,4.3475,4.3925,4.25571,4.30357,466466000
2009-04-17,4.32786,4.4375,4.29464,4.40786,497495600
2009-04-16,4.25679,4.39821,4.2425,4.3375,593446000
2009-04-15,4.18571,4.22321,4.13429,4.20143,412882400
2009-04-14,4.27036,4.29179,4.1875,4.22536,454622000
2009-04-13,4.28607,4.32071,4.25,4.29357,389236400
2009-04-09,4.22929,4.28571,4.21286,4.27036,530756800
2009-04-08,4.1225,4.17107,4.092143,4.15429,455630000
2009-04-07,4.16179,4.16679,4.078214,4.10714,536580800
2009-04-06,4.105,4.24107,4.045714,4.23036,658064400
2009-04-03,4.078214,4.1475,4.054286,4.1425,636241200
2009-04-02,3.93357,4.098214,3.92071,4.025357,812366800
2009-04-01,3.7175,3.89286,3.71036,3.88179,589372000
2009-03-31,3.76607,3.8375,3.75,3.75429,570080000
2009-03-30,3.7325,3.75036,3.66464,3.73179,502796000
2009-03-27,3.86536,3.87607,3.8,3.81607,492872800
2009-03-26,3.85107,3.92786,3.84214,3.92393,616252000
2009-03-25,3.84214,3.87,3.70929,3.80321,646618000
2009-03-24,3.79857,3.90857,3.76393,3.80357,640612000
2009-03-23,3.66821,3.86286,3.63393,3.845,666397200
2009-03-20,3.64607,3.6825,3.59179,3.62821,695587200
2009-03-19,3.6375,3.68571,3.58036,3.62929,500180800
2009-03-18,3.56821,3.69571,3.56143,3.62571,796037200
2009-03-17,3.40143,3.56036,3.39536,3.55929,786646000
2009-03-16,3.4475,3.47821,3.36357,3.40786,797244000
2009-03-13,3.43929,3.47143,3.39321,3.42607,601168400
2009-03-12,3.31786,3.44929,3.28571,3.44107,768457200
2009-03-11,3.2075,3.35964,3.19929,3.31,846372800
2009-03-10,3.031071,3.18464,3.012857,3.16536,844258800
2009-03-09,3.006429,3.12857,2.94893,2.96821,698297600
2009-03-06,3.155,3.15714,2.94036,3.046429,1011147200
2009-03-05,3.23071,3.28107,3.15893,3.17286,706899200
2009-03-04,3.22071,3.31321,3.19464,3.25607,741403600
2009-03-03,3.17607,3.24071,3.13857,3.15607,724340400
2009-03-02,3.14714,3.25714,3.13107,3.14071,770929600
2009-02-27,3.14036,3.26071,3.13107,3.18964,706658400
2009-02-26,3.28571,3.31857,3.17714,3.18536,629868400
2009-02-25,3.20929,3.31857,3.1875,3.25571,833053200
2009-02-24,3.12321,3.24607,3.10714,3.22321,807105600
2009-02-23,3.27321,3.28571,3.089643,3.10536,786982000
2009-02-20,3.19286,3.3,3.17857,3.25714,750316000
2009-02-19,3.33464,3.36607,3.21821,3.23714,922804400
2009-02-18,3.39464,3.42321,3.31143,3.37036,684779200
2009-02-17,3.45964,3.46571,3.36714,3.37607,678238400
2009-02-13,3.53536,3.56929,3.50429,3.54143,608977600
2009-02-12,3.4225,3.5625,3.4225,3.54536,817188400
2009-02-11,3.44179,3.51107,3.42036,3.45786,674973600
2009-02-10,3.61893,3.66107,3.46643,3.49393,849060800
2009-02-09,3.57143,3.67857,3.55357,3.66107,715010800
2009-02-06,3.465,3.57143,3.46429,3.56143,687209600
2009-02-05,3.31321,3.47321,3.30786,3.445,749246400
2009-02-04,3.32929,3.4375,3.325,3.34107,808421600
2009-02-03,3.28286,3.335,3.22429,3.32071,599309200
2009-02-02,3.18214,3.28571,3.175,3.26821,558247200
2009-01-30,3.30714,3.34357,3.21464,3.21893,651478800
2009-01-29,3.32464,3.36929,3.30714,3.32143,592729200
2009-01-28,3.29,3.39286,3.26786,3.36429,861406000
2009-01-27,3.22107,3.26964,3.205,3.24036,618038400
2009-01-26,3.17357,3.24893,3.15357,3.20143,692238400
2009-01-23,3.10071,3.20964,3.089286,3.15571,763770000
2009-01-22,3.14429,3.21429,3.065,3.15571,1409528400
2009-01-21,2.83536,2.96,2.8325,2.95821,1089270000
2009-01-20,2.92607,2.92857,2.79286,2.79286,919914800
2009-01-16,3.010714,3.013571,2.87143,2.94036,1047625600
2009-01-15,2.8775,3.0042861,2.85893,2.97786,1831634000
2009-01-14,3.08,3.11607,3.025714,3.0475,1021664000
2009-01-13,3.15143,3.205,3.083929,3.1325,798397600
2009-01-12,3.23071,3.24964,3.12679,3.16643,617716400
2009-01-09,3.32893,3.335,3.21929,3.235,546845600
2009-01-08,3.22964,3.32679,3.21571,3.31071,673500800
2009-01-07,3.27893,3.30357,3.22357,3.25036,753048800
2009-01-06,3.42679,3.47036,3.29964,3.32214,1289310400
2009-01-05,3.3275,3.435,3.31107,3.37786,1181608400
2009-01-02,3.067143,3.25143,3.041429,3.24107,746015200
2008-12-31,3.070357,3.13357,3.047857,3.048214,607541200
2008-12-30,3.12214,3.14464,3.025714,3.081786,967601600
2008-12-29,3.09,3.12929,3.038214,3.093214,686000000
2008-12-26,3.094286,3.12214,3.044286,3.064643,308324800
2008-12-24,3.076429,3.080357,3.019643,3.037143,271334000
2008-12-23,3.1025,3.13821,3.067857,3.085,635031600
2008-12-22,3.215,3.21536,3.024643,3.062143,844740400
2008-12-19,3.21214,3.24786,3.17143,3.21429,801920000
2008-12-18,3.18964,3.24393,3.15857,3.19393,857416000
2008-12-17,3.25107,3.25357,3.14357,3.18429,1293860400
2008-12-16,3.35643,3.44571,3.3125,3.40821,1093506400
2008-12-15,3.42821,3.43607,3.32143,3.38393,891758000
2008-12-12,3.31429,3.53571,3.30464,3.50964,1041174400
2008-12-11,3.47679,3.61571,3.38679,3.39286,1040617200
2008-12-10,3.49536,3.55321,3.44643,3.5075,938047600
2008-12-09,3.50143,3.7,3.47179,3.57357,1203496000
2008-12-08,3.47429,3.6,3.42143,3.56143,1185142000
2008-12-05,3.22679,3.37464,3.17357,3.35714,1043795200
2008-12-04,3.3725,3.40036,3.18071,3.26464,1091370000
2008-12-03,3.19286,3.43679,3.17143,3.425,1338680000
2008-12-02,3.21536,3.30893,3.089286,3.3025,1148722400
2008-12-01,3.26071,3.29536,3.17571,3.17607,923767600
2008-11-28,3.38214,3.38429,3.28071,3.30964,297774400
2008-11-26,3.21143,3.40179,3.20893,3.39286,899836000
2008-11-25,3.37964,3.3825,3.14857,3.24286,1235292800
2008-11-24,3.043214,3.38536,3.03,3.31964,1442257600
2008-11-21,2.92607,3.0042861,2.82643,2.94929,1569271200
2008-11-20,3.044286,3.0875,2.85714,2.87464,1716814400
2008-11-19,3.19429,3.27071,3.078929,3.081786,1171900800
2008-11-18,3.20143,3.24964,3.10214,3.21107,1209695200
2008-11-17,3.16,3.23393,3.11643,3.14786,1162526400
2008-11-14,3.34857,3.35679,3.21429,3.22286,1405266800
2008-11-13,3.20964,3.44429,3.072143,3.44429,1854087200
2008-11-12,3.30107,3.33,3.21464,3.21857,1178976400
2008-11-11,3.38607,3.47036,3.295,3.38464,1224538000
2008-11-10,3.5775,3.58571,3.375,3.42429,1123822000
2008-11-07,3.54429,3.56607,3.41857,3.50857,1095253600
2008-11-06,3.60893,3.67071,3.5,3.53929,1319074400
2008-11-05,3.88964,3.91857,3.67821,3.68929,1256455200
2008-11-04,3.92821,3.9925,3.80964,3.96393,1398681200
2008-11-03,3.78321,3.89643,3.745,3.82,1057938000
2008-10-31,3.83571,3.95643,3.755,3.8425,1659756000
2008-10-30,3.86536,4.0067859,3.84321,3.96571,1638089600
2008-10-29,3.60214,3.91214,3.56929,3.73393,1950978400
2008-10-28,3.40821,3.58929,3.29893,3.56821,1634133200
2008-10-27,3.39536,3.48679,3.28071,3.28893,1208771200
2008-10-24,3.22607,3.49643,3.21821,3.44214,1590058400
2008-10-23,3.44679,3.54464,3.28214,3.50821,1675430400
2008-10-22,3.4775,3.61607,3.31893,3.45964,2248808800
2008-10-21,3.4625,3.49643,3.25571,3.2675,2193660000
2008-10-20,3.56357,3.5725,3.34429,3.51571,1549170000
2008-10-17,3.55714,3.64429,3.0675,3.47857,1762227600
2008-10-16,3.56321,3.69393,3.27643,3.63893,1980521200
2008-10-15,3.70857,3.82143,3.49607,3.49821,1584175600
2008-10-14,4.15214,4.15714,3.68357,3.71714,1980994400
2008-10-13,3.73393,3.9475,3.60786,3.93786,1539076000
2008-10-10,3.060714,3.57143,3.035714,3.45714,2219299600
2008-10-09,3.33393,3.42143,3.092857,3.16929,1617383600
2008-10-08,3.068214,3.44036,3.06,3.20679,2207741200
2008-10-07,3.58857,3.625,3.17679,3.18429,1878772000
2008-10-06,3.28429,3.52786,3.12643,3.505,2107417200
2008-10-03,3.71429,3.80357,3.38036,3.46679,2294398400
2008-10-02,3.8575,3.88536,3.57143,3.575,1609364400
2008-10-01,3.99714,4.012857,3.83536,3.89714,1296484000
2008-09-30,3.86607,4.10714,3.79643,4.059286,1626682400
2008-09-29,4.27214,4.27429,3.5925,3.75929,2622057200
2008-09-26,4.46107,4.63571,4.39286,4.58,1126451200
2008-09-25,4.63571,4.81393,4.59,4.71179,1006045600
2008-09-24,4.54536,4.67679,4.46964,4.59679,1047015200
2008-09-23,4.70893,4.85,4.52357,4.53,1280364400
2008-09-22,4.99786,5.0089288,4.66643,4.68036,856713200
2008-09-19,5.092857,5.15,4.86821,5.0325,1430875600
2008-09-18,4.66321,4.83679,4.31,4.78893,1676253600
2008-09-17,4.94607,4.94679,4.56536,4.56536,1200455200
2008-09-16,4.78071,5.089286,4.71964,4.99571,1199836400
2008-09-15,5.0725,5.27464,5.012857,5.012857,920634400
2008-09-12,5.38964,5.38964,5.23214,5.31929,793027200
2008-09-11,5.29214,5.46393,5.21429,5.45179,971135200
2008-09-10,5.44,5.53536,5.31429,5.41464,973142800
2008-09-09,5.60214,5.71286,5.34964,5.41714,1245025600
2008-09-08,5.8775,5.88893,5.40929,5.64,1045979200
2008-09-05,5.66393,5.8,5.63036,5.72071,786884000
2008-09-04,5.92357,5.99679,5.74321,5.75786,743386000
2008-09-03,5.95857,6.024286,5.85714,5.96286,734834800
2008-09-02,6.15714,6.19643,5.89286,5.93536,780763200
2008-08-29,6.17714,6.19643,6.037143,6.054643,599289600
2008-08-28,6.26,6.29464,6.16964,6.205,431384800
2008-08-27,6.18964,6.27714,6.14964,6.23821,477780800
2008-08-26,6.17,6.24571,6.16464,6.20143,445550000
2008-08-25,6.29107,6.29393,6.13071,6.1625,484425200
2008-08-22,6.27929,6.33929,6.27036,6.31393,439611200
2008-08-21,6.23107,6.26607,6.13893,6.22464,539744800
2008-08-20,6.24179,6.31929,6.20036,6.28,506951200
2008-08-19,6.23357,6.32393,6.13607,6.1975,616204400
2008-08-18,6.27036,6.35036,6.20786,6.26393,552014400
2008-08-15,6.39429,6.41964,6.25179,6.27643,708251600
2008-08-14,6.36893,6.44464,6.35143,6.40429,711300800
2008-08-13,6.35643,6.42857,6.28214,6.40357,842346400
2008-08-12,6.19714,6.40321,6.19679,6.31179,836278800
2008-08-11,6.073929,6.30357,6.059643,6.19857,891304400
2008-08-08,5.85214,6.058929,5.84821,6.055357,713997200
2008-08-07,5.81107,5.93393,5.76786,5.84179,672372400
2008-08-06,5.71321,5.97857,5.64286,5.86393,791408800
2008-08-05,5.55071,5.74286,5.52929,5.73714,688371600
2008-08-04,5.59286,5.63929,5.46107,5.4725,592527600
2008-08-01,5.71071,5.71393,5.5625,5.595,544639200
2008-07-31,5.62643,5.79286,5.60643,5.67679,637498400
2008-07-30,5.635,5.73179,5.57429,5.71,725183200
2008-07-29,5.55036,5.69464,5.4875,5.61,684070800
2008-07-28,5.79786,5.8025,5.50071,5.51429,780712800
2008-07-25,5.72857,5.82143,5.66607,5.79,633637200
2008-07-24,5.86857,5.90214,5.65893,5.67964,839619200
2008-07-23,5.8925,6.013214,5.77,5.93786,1061768400
2008-07-22,5.32143,5.81286,5.23321,5.78643,1879592400
2008-07-21,5.96071,5.98214,5.75429,5.93893,1360469600
2008-07-18,6.018571,6.058929,5.89286,5.89821,868414400
2008-07-17,6.21786,6.24929,6.12107,6.13607,757526000
2008-07-16,6.078571,6.17607,6.021429,6.17179,747790400
2008-07-15,6.16,6.205,5.9425,6.058571,1040043200
2008-07-14,6.40143,6.40357,6.18143,6.21,886054400
2008-07-11,6.26679,6.32536,6.10714,6.16357,930011600
2008-07-10,6.24714,6.33357,6.12036,6.30821,840688800
2008-07-09,6.43571,6.46107,6.21929,6.22321,895776000
2008-07-08,6.26429,6.41786,6.16929,6.4125,888350400
2008-07-07,6.18429,6.32607,6.13929,6.25571,820391600
2008-07-03,6.056786,6.14893,5.91964,6.075714,523362000
2008-07-02,6.25714,6.3375,6.0064292,6.0064292,837519200
2008-07-01,5.86536,6.24,5.85714,6.23857,1111280800
2008-06-30,6.078214,6.14286,5.95071,5.98,684196800
2008-06-27,5.94679,6.091786,5.8625,6.074643,1042249600
2008-06-26,6.21679,6.24429,6.00035715,6.0092859,869610000
2008-06-25,6.23607,6.38679,6.21,6.33536,644450800
2008-06-24,6.15607,6.27786,6.12964,6.1875,621947200
2008-06-23,6.24071,6.28143,6.12714,6.18429,645780800
2008-06-20,6.40536,6.46429,6.25,6.25964,888367200
2008-06-19,6.37679,6.51214,6.31429,6.46071,791949200
2008-06-18,6.46857,6.50714,6.33393,6.38393,811468000
2008-06-17,6.36071,6.49964,6.33607,6.47964,899656800
2008-06-16,6.11786,6.35357,6.038214,6.31571,1051730400
2008-06-13,6.13,6.22,5.90393,6.15607,1345957200
2008-06-12,6.48179,6.52143,6.11429,6.18786,1308333600
2008-06-11,6.58357,6.64286,6.41393,6.4575,961550800
2008-06-10,6.44679,6.67071,6.39357,6.63,1140941200
2008-06-09,6.59964,6.605,6.27679,6.48607,1888392800
2008-06-06,6.71429,6.78393,6.62679,6.63,966422800
2008-06-05,6.655,6.78,6.63214,6.76536,755445600
2008-06-04,6.57214,6.68179,6.54393,6.61393,726983600
2008-06-03,6.67357,6.72143,6.51214,6.62036,750520400
2008-06-02,6.73571,6.77321,6.59036,6.64643,679840000
2008-05-30,6.69464,6.76929,6.69214,6.74107,610184400
2008-05-29,6.67,6.72143,6.625,6.6675,647186400
2008-05-28,6.69321,6.7125,6.56143,6.67893,743979600
2008-05-27,6.52679,6.65821,6.49429,6.65821,789905200
2008-05-23,6.45607,6.49964,6.35,6.47036,906917200
2008-05-22,6.40214,6.47607,6.14286,6.32321,1206735600
2008-05-21,6.63107,6.7125,6.29464,6.36393,1157657200
2008-05-20,6.49357,6.64857,6.43286,6.63929,969850000
2008-05-19,6.70929,6.73893,6.475,6.55714,945820400
2008-05-16,6.78964,6.79643,6.67857,6.70071,765769200
2008-05-15,6.67179,6.78214,6.57857,6.77607,873208000
2008-05-14,6.82964,6.86571,6.6275,6.65214,916823600
2008-05-13,6.73607,6.8375,6.70929,6.78429,823236400
2008-05-12,6.61464,6.74536,6.53036,6.72,818563200
2008-05-09,6.54143,6.58036,6.4775,6.55179,673072400
2008-05-08,6.56321,6.66071,6.53821,6.60929,899085600
2008-05-07,6.64464,6.72143,6.44786,6.52107,1157133600
2008-05-06,6.595,6.68286,6.50643,6.66643,918870400
2008-05-05,6.49714,6.61821,6.46607,6.5975,854557200
2008-05-02,6.43536,6.49714,6.37679,6.46214,1006082000
2008-05-01,6.24857,6.42857,6.245,6.42857,903576800
2008-04-30,6.2925,6.42857,6.17571,6.2125,1139524400
2008-04-29,6.11107,6.27357,6.080357,6.25179,923476400
2008-04-28,6.0625,6.20536,6.040357,6.15143,787214400
2008-04-25,6.096429,6.11071,5.94357,6.061786,992474000
2008-04-24,5.905,6.070714,5.68536,6.033571,1696066400
2008-04-23,5.85893,5.88714,5.75286,5.8175,1504190800
2008-04-22,5.97857,6.0,5.64607,5.72143,1439572400
2008-04-21,5.79321,6.017857,5.77714,6.0057139,1039152800
2008-04-18,5.68286,5.795,5.65643,5.75143,1026765600
2008-04-17,5.50607,5.57143,5.47679,5.5175,704267200
2008-04-16,5.41857,5.50357,5.37929,5.48929,795774000
2008-04-15,5.33571,5.34714,5.20429,5.29929,698037200
2008-04-14,5.24179,5.33036,5.16214,5.27786,845087600
2008-04-11,5.45429,5.475,5.22857,5.255,1210076000
2008-04-10,5.3975,5.55071,5.37857,5.51964,955763200
2008-04-09,5.47536,5.49607,5.37357,5.40857,873398400
2008-04-08,5.48393,5.5875,5.44,5.45857,1014294400
2008-04-07,5.57607,5.70321,5.53964,5.5675,1158326400
2008-04-04,5.43536,5.52536,5.38393,5.46714,854417200
2008-04-03,5.25214,5.48679,5.25,5.41464,1051568000
2008-04-02,5.31357,5.4,5.20893,5.2675,1044968400
2008-04-01,5.225,5.345,5.12893,5.34036,1032567200
2008-03-31,5.11679,5.20393,5.09,5.125,768065200
2008-03-28,5.064286,5.16607,5.057143,5.1075,714610400
2008-03-27,5.17679,5.18964,4.99964,5.0089288,999829600
2008-03-26,5.031071,5.205,5.022857,5.18071,1182084400
2008-03-25,4.99857,5.11071,4.90464,5.035,1052391200
2008-03-24,4.78607,5.030357,4.77286,4.98321,1066920400
2008-03-20,4.68286,4.76036,4.61357,4.75964,908787600
2008-03-19,4.75429,4.79607,4.63107,4.63107,1010536800
2008-03-18,4.61357,4.75,4.59536,4.74357,1205120000
2008-03-17,4.37679,4.5925,4.37679,4.52607,1072598800
2008-03-14,4.63857,4.65357,4.43571,4.52179,1156640800
2008-03-13,4.43214,4.625,4.39286,4.56929,1262102800
2008-03-12,4.53714,4.59571,4.47036,4.50107,1059629200
2008-03-11,4.43214,4.55286,4.35714,4.54821,1163943200
2008-03-10,4.35643,4.40929,4.26321,4.27464,999588800
2008-03-07,4.30036,4.39214,4.25179,4.36607,1230462800
2008-03-06,4.45036,4.55357,4.31464,4.31893,1473698800
2008-03-05,4.41357,4.46929,4.36607,4.44607,1221836000
2008-03-04,4.35679,4.46,4.3,4.45071,1785383600
2008-03-03,4.44429,4.49929,4.21429,4.3475,1593043200
2008-02-29,4.6175,4.65036,4.45714,4.465,1255480800
2008-02-28,4.54286,4.72143,4.49179,4.63964,1618254400
2008-02-27,4.2225,4.39464,4.2175,4.39143,1475138000
2008-02-26,4.20143,4.32464,4.12286,4.25536,1504888000
2008-02-25,4.23536,4.29179,4.16643,4.27643,1256774400
2008-02-22,4.37429,4.37536,4.13821,4.26643,1529878000
2008-02-21,4.50179,4.51679,4.31643,4.34071,938114800
2008-02-20,4.36429,4.45,4.34571,4.42214,967439200
2008-02-19,4.49964,4.52679,4.33714,4.36357,1005046000
2008-02-15,4.50964,4.53857,4.43071,4.45107,901300400
2008-02-14,4.62143,4.67143,4.53607,4.55214,954097200
2008-02-13,4.52429,4.635,4.48679,4.62143,968534000
2008-02-12,4.66786,4.67857,4.415,4.45929,1225980000
2008-02-11,4.57179,4.64214,4.54286,4.62321,1201432400
2008-02-08,4.36,4.48929,4.34286,4.48143,1355972800
2008-02-07,4.28464,4.45643,4.18821,4.33,2083331600
2008-02-06,4.6725,4.71143,4.34893,4.35714,1573272400
2008-02-05,4.65821,4.78571,4.60357,4.62,1141042000
2008-02-04,4.79321,4.85357,4.69357,4.70179,899234000
2008-02-01,4.86571,4.87821,4.72071,4.77679,1010744000
2008-01-31,4.62321,4.88036,4.62143,4.83429,1345674400
2008-01-30,4.69179,4.8375,4.64286,4.72071,1243051600
2008-01-29,4.68393,4.7425,4.60893,4.69786,1099982800
2008-01-28,4.57714,4.75714,4.51607,4.64321,1474844000
2008-01-25,4.96393,4.9675,4.62893,4.64321,1554739200
2008-01-24,4.99964,5.025,4.71464,4.84286,2005866800
2008-01-23,4.86393,5.0,4.505,4.96679,3372969600
2008-01-22,5.28786,5.71357,5.21429,5.55857,2434754000
2008-01-18,5.77536,5.91964,5.70036,5.76286,1724343600
2008-01-17,5.76821,5.90571,5.65786,5.74607,1757859600
2008-01-16,5.90107,6.036071,5.59643,5.70143,2213845200
2008-01-15,6.34714,6.40071,5.88071,6.037143,2343278000
2008-01-14,6.34,6.40786,6.25607,6.385,1100450400
2008-01-11,6.28571,6.35179,6.071429,6.1675,1232285600
2008-01-10,6.34214,6.46429,6.26464,6.35786,1482975200
2008-01-09,6.11786,6.41071,6.010714,6.40714,1813882000
2008-01-08,6.43357,6.51643,6.1,6.11607,1523816000
2008-01-07,6.47321,6.55714,6.079643,6.34429,2072193200
2008-01-04,6.8375,6.89286,6.38893,6.43036,1455832000
2008-01-03,6.97893,7.049643,6.88179,6.96179,842066400
2008-01-02,7.11679,7.15214,6.87679,6.95857,1079178800
2007-12-31,7.125,7.16071,7.0625,7.074286,539333200
2007-12-28,7.16393,7.19857,7.031429,7.13679,699647200
2007-12-27,7.10536,7.24857,7.064286,7.091786,795527600
2007-12-26,7.1075,7.17714,7.029286,7.10536,703732400
2007-12-24,6.96536,7.11893,6.95679,7.1,480202800
2007-12-21,6.79,6.92536,6.78179,6.92536,993960800
2007-12-20,6.6225,6.70821,6.5475,6.68607,774057200
2007-12-19,6.535,6.59429,6.46071,6.54,827478400
2007-12-18,6.66143,6.69036,6.37857,6.535,1222603200
2007-12-17,6.81143,6.88036,6.535,6.58571,1024693600
2007-12-14,6.79893,6.9,6.76929,6.79964,674312800
2007-12-13,6.7925,6.86143,6.70786,6.85107,864617600
2007-12-12,6.90857,6.94571,6.63429,6.81643,1225660800
2007-12-11,6.95536,7.029643,6.6925,6.73357,1110925200
2007-12-10,6.91393,6.98786,6.88179,6.93607,722377600
2007-12-07,6.805,6.96393,6.71571,6.93929,1066066400
2007-12-06,6.64964,6.78929,6.64714,6.78393,899810800
2007-12-05,6.53179,6.64286,6.51464,6.625,892402000
2007-12-04,6.32679,6.46071,6.32107,6.42179,773799600
2007-12-03,6.495,6.57643,6.34643,6.38786,961469600
2007-11-30,6.69071,6.70357,6.41786,6.50786,1187802000
2007-11-29,6.40821,6.61321,6.39821,6.58179,1050926800
2007-11-28,6.315,6.45,6.2625,6.43643,1150912000
2007-11-27,6.25786,6.27821,6.071786,6.24321,1317030400
2007-11-26,6.19964,6.33107,6.15536,6.16214,1305754800
2007-11-23,6.14286,6.14464,6.0625,6.12643,465757600
2007-11-21,5.92286,6.15536,5.88107,6.016429,1217809600
2007-11-20,5.91679,6.13536,5.84036,6.030357,1543642800
2007-11-19,5.93214,6.007143,5.78929,5.85536,1154428800
2007-11-16,5.90357,5.965,5.69036,5.9425,1383494000
2007-11-15,5.9425,6.056786,5.725,5.86786,1487410400
2007-11-14,6.32714,6.34179,5.84786,5.9325,1449168000
2007-11-13,5.74464,6.10643,5.49143,6.07,1739446800
2007-11-12,5.90286,5.98929,5.37964,5.49143,1769065200
2007-11-09,6.1125,6.25429,5.90036,5.90607,1526380800
2007-11-08,6.66679,6.675,5.99179,6.26679,1890378000
2007-11-07,6.8075,6.88143,6.6475,6.65357,994327600
2007-11-06,6.68036,6.85714,6.61679,6.84964,954727200
2007-11-05,6.6175,6.74857,6.58,6.64929,804176800
2007-11-02,6.7575,6.76571,6.55321,6.70964,1002114400
2007-11-01,6.73571,6.78929,6.42857,6.69429,805036400
2007-10-31,6.70107,6.79,6.60536,6.78393,833310800
2007-10-30,6.64929,6.76321,6.5975,6.67857,939414000
2007-10-29,6.62321,6.66393,6.59643,6.61036,540554000
2007-10-26,6.6175,6.62036,6.53143,6.59643,706876800
2007-10-25,6.6025,6.63929,6.48786,6.52786,973602000
2007-10-24,6.63607,6.68607,6.40143,6.64036,1288481600
2007-10-23,6.73429,6.73571,6.52714,6.64857,1795164000
2007-10-22,6.083929,6.24643,6.07,6.22714,1649499600
2007-10-19,6.22286,6.23679,6.071429,6.086429,1291780000
2007-10-18,6.125,6.22107,6.10893,6.19643,823676000
2007-10-17,6.1675,6.18,6.042143,6.16964,1127613200
2007-10-16,5.91214,6.077857,5.89821,6.056429,1067830400
2007-10-15,5.99929,6.056071,5.83929,5.96357,1077930000
2007-10-12,5.82179,5.97429,5.77857,5.97321,988176000
2007-10-11,6.053214,6.13857,5.47179,5.79393,1643992000
2007-10-10,5.98393,5.99571,5.91429,5.95679,667590000
2007-10-09,6.078571,6.11107,5.95286,5.995,1104286400
2007-10-08,5.83893,5.99679,5.82036,5.99679,835928800
2007-10-05,5.65607,5.77071,5.63214,5.76607,943471200
2007-10-04,5.64286,5.64571,5.48214,5.58,656958400
2007-10-03,5.635,5.685,5.6075,5.64,692518400
2007-10-02,5.59107,5.66393,5.5675,5.65893,792069600
2007-10-01,5.5225,5.62179,5.46179,5.58357,837068400
2007-09-28,5.48,5.52143,5.45536,5.48107,615101200
2007-09-27,5.49179,5.51857,5.44,5.51786,658198800
2007-09-26,5.51679,5.53571,5.40179,5.45607,975268000
2007-09-25,5.24429,5.47214,5.24357,5.47071,1192550800
2007-09-24,5.24036,5.35179,5.2375,5.29571,1052161600
2007-09-21,5.040714,5.16607,5.011071,5.14821,1138880400
2007-09-20,5.0053568,5.063929,4.97571,5.011071,691840800
2007-09-19,5.10786,5.11286,4.97857,5.0275,1026880400
2007-09-18,4.96643,5.10179,4.9225,5.032857,1064089600
2007-09-17,4.96393,5.021071,4.91429,4.94321,793371600
2007-09-14,4.8775,4.96357,4.86429,4.9575,607320000
2007-09-13,4.95821,4.96429,4.88036,4.9,656163200
2007-09-12,4.85679,4.97857,4.84821,4.8875,1022770000
2007-09-11,4.925,4.93929,4.77679,4.83893,971885600
2007-09-10,4.8925,4.93,4.78393,4.8825,1487838800
2007-09-07,4.71464,4.725,4.64286,4.70607,1430576000
2007-09-06,4.84143,4.91321,4.73964,4.82179,1901261600
2007-09-05,5.1775,5.20857,4.86071,4.88429,2328222400
2007-09-04,4.99786,5.20464,4.99429,5.14857,1316842800
2007-08-31,4.98179,4.9875,4.9075,4.94571,876887200
2007-08-30,4.73821,4.9375,4.725,4.86607,1435582400
2007-08-29,4.63857,4.79214,4.62643,4.78857,1166860800
2007-08-28,4.67821,4.72893,4.5225,4.52929,1179365600
2007-08-27,4.76393,4.80929,4.71786,4.72321,707439600
2007-08-24,4.66179,4.83464,4.63607,4.83214,911834000
2007-08-23,4.75321,4.76214,4.63429,4.68107,866838000
2007-08-22,4.68643,4.74107,4.65464,4.7325,1061765600
2007-08-21,4.36464,4.60571,4.32143,4.55607,1303047200
2007-08-20,4.42714,4.44643,4.30357,4.365,803317200
2007-08-17,4.3575,4.41071,4.27929,4.35929,1195062400
2007-08-16,4.17893,4.23214,3.98643,4.18036,1866690000
2007-08-15,4.38357,4.45929,4.27321,4.28214,992852000
2007-08-14,4.58179,4.58214,4.41821,4.42964,739006800
2007-08-13,4.58286,4.61964,4.51786,4.56393,752911600
2007-08-10,4.39714,4.5625,4.29643,4.46429,1410749200
2007-08-09,4.6825,4.75,4.4675,4.51393,1125395600
2007-08-08,4.88429,4.88786,4.71429,4.78607,808096800
2007-08-07,4.81929,4.90143,4.73679,4.8225,949936400
2007-08-06,4.74643,4.83107,4.58214,4.83036,925170400
2007-08-03,4.83071,4.85536,4.69643,4.70893,679187600
2007-08-02,4.88036,4.89143,4.79107,4.87464,852644800
2007-08-01,4.77286,4.835,4.56321,4.82143,1750156800
2007-07-31,5.10607,5.12429,4.69714,4.70571,1762392800
2007-07-30,5.15464,5.19464,4.98464,5.051071,1106988400
2007-07-27,5.22107,5.31857,5.135,5.1375,1161098400
2007-07-26,5.21107,5.30357,4.89143,5.21429,2186629200
2007-07-25,4.90536,4.94143,4.82143,4.90214,1496182800
2007-07-24,4.96,5.035714,4.79107,4.8175,1795292800
2007-07-23,5.11821,5.18643,5.033214,5.13214,1036490000
2007-07-20,5.058929,5.14929,5.0,5.13393,1167773600
2007-07-19,5.010714,5.028929,4.9875,5.0,732891600
2007-07-18,4.93536,4.94429,4.85857,4.93286,756856800
2007-07-17,4.93929,4.98571,4.91071,4.96107,709959600
2007-07-16,4.9425,4.99929,4.91071,4.93214,936112800
2007-07-13,4.8225,4.92321,4.80429,4.91893,907606000
2007-07-12,4.78036,4.79429,4.72821,4.78821,704608800
2007-07-11,4.71679,4.775,4.68964,4.72821,821772000
2007-07-10,4.60286,4.80357,4.60036,4.72679,1255007600
2007-07-09,4.72786,4.74643,4.61357,4.65464,995820000
2007-07-06,4.75464,4.76214,4.65714,4.725,874694800
2007-07-05,4.6,4.74893,4.59607,4.74107,1453051600
2007-07-03,4.35714,4.55,4.33929,4.54179,1162481600
2007-07-02,4.32321,4.36036,4.26071,4.33071,994862400
2007-06-29,4.35607,4.42857,4.32464,4.35857,1137841600
2007-06-28,4.37,4.37464,4.28571,4.30571,838143600
2007-06-27,4.3075,4.35857,4.25929,4.35321,974696800
2007-06-26,4.42786,4.42857,4.24,4.27321,1345005200
2007-06-25,4.43536,4.4675,4.32357,4.36929,965403600
2007-06-22,4.42321,4.44464,4.37071,4.39286,631876000
2007-06-21,4.34643,4.43893,4.31143,4.425,867045200
2007-06-20,4.42393,4.45214,4.33929,4.34107,897512000
2007-06-19,4.45321,4.46464,4.38964,4.41643,943026000
2007-06-18,4.40286,4.47071,4.37643,4.4675,910604800
2007-06-15,4.30786,4.30964,4.28071,4.30357,811218800
2007-06-14,4.18571,4.26607,4.15786,4.24107,973266000
2007-06-13,4.32679,4.32821,4.12143,4.19643,1721353200
2007-06-12,4.2625,4.34679,4.22536,4.29929,1426566400
2007-06-11,4.5,4.50536,4.26929,4.2925,1874258400
2007-06-08,4.49357,4.49393,4.3675,4.44607,1241682400
2007-06-07,4.46393,4.5575,4.39964,4.43107,1915079600
2007-06-06,4.36786,4.43036,4.35536,4.41571,1112241200
2007-06-05,4.33607,4.38179,4.30357,4.38107,920785600
2007-06-04,4.23679,4.3475,4.21071,4.33321,886673200
2007-06-01,4.325,4.32821,4.22464,4.22857,885262000
2007-05-31,4.28821,4.36321,4.26929,4.32821,1297066400
2007-05-30,4.082143,4.24571,4.054643,4.24179,1478444800
2007-05-29,4.0875,4.10214,4.024643,4.083929,645694000
2007-05-25,4.0,4.063571,3.98214,4.057857,632959600
2007-05-24,4.028929,4.087857,3.94179,3.95321,887362000
2007-05-23,4.072143,4.10714,4.021071,4.031786,911374800
2007-05-22,4.0175,4.0625,4.00035715,4.055,572409600
2007-05-21,3.93964,4.016071,3.93036,3.99929,639892400
2007-05-18,3.93679,3.95143,3.92036,3.92929,621345200
2007-05-17,3.82679,3.92393,3.82679,3.90857,735291200
2007-05-16,3.87607,3.88679,3.69357,3.83357,1126767600
2007-05-15,3.91321,3.93571,3.80286,3.84,954514400
2007-05-14,3.915,3.92857,3.86607,3.90571,651946400
2007-05-11,3.84786,3.8975,3.81357,3.88357,653696400
2007-05-10,3.80821,3.88714,3.78286,3.83357,1197257600
2007-05-09,3.74679,3.82,3.74607,3.81714,717757600
2007-05-08,3.69536,3.75536,3.69357,3.75214,783997200
2007-05-07,3.61,3.72679,3.6075,3.71143,861557200
2007-05-04,3.6,3.62857,3.58929,3.60036,381987200
2007-05-03,3.5975,3.62321,3.57179,3.58571,576077600
2007-05-02,3.55893,3.59071,3.5525,3.58536,505145200
2007-05-01,3.55679,3.58393,3.51964,3.5525,532523600
2007-04-30,3.57464,3.60714,3.55964,3.56429,616509600
2007-04-27,3.50643,3.56964,3.48893,3.56857,699403600
2007-04-26,3.62786,3.66071,3.51071,3.53,1737778000
2007-04-25,3.36536,3.40714,3.35,3.40536,1187144000
2007-04-24,3.35571,3.4425,3.26071,3.33,1055252800
2007-04-23,3.27107,3.35,3.265,3.33964,780290000
2007-04-20,3.24607,3.25643,3.23393,3.24893,522779600
2007-04-19,3.22107,3.25893,3.20821,3.22393,425913600
2007-04-18,3.22,3.24464,3.2,3.22857,464044000
2007-04-17,3.28571,3.29643,3.20357,3.22679,751920400
2007-04-16,3.23464,3.26786,3.22321,3.26536,609033600
2007-04-13,3.24643,3.26429,3.21643,3.22286,719941600
2007-04-12,3.28714,3.29679,3.24,3.2925,656675600
2007-04-11,3.35357,3.35536,3.2975,3.30679,549018400
2007-04-10,3.34536,3.36643,3.33607,3.36607,352466800
2007-04-09,3.40036,3.40357,3.32286,3.34464,413341600
2007-04-05,3.36143,3.38143,3.34,3.38143,355516000
2007-04-04,3.39071,3.39786,3.36179,3.36679,476784000
2007-04-03,3.36214,3.40107,3.34857,3.375,583934400
2007-04-02,3.36214,3.36607,3.32214,3.34464,501992400
2007-03-30,3.36714,3.38143,3.3125,3.31821,600558000
2007-03-29,3.36393,3.36393,3.29393,3.34821,725723600
2007-03-28,3.38857,3.40714,3.32679,3.33,942337200
2007-03-27,3.41821,3.45821,3.39286,3.40929,932052800
2007-03-26,3.35679,3.425,3.33214,3.42321,864987200
2007-03-23,3.33393,3.35964,3.33214,3.34,450884000
2007-03-22,3.3475,3.37,3.32143,3.35571,561492400
2007-03-21,3.28536,3.35714,3.27321,3.3525,686896000
2007-03-20,3.2625,3.28,3.25214,3.26714,488916400
2007-03-19,3.22286,3.26964,3.19964,3.25464,712961200
2007-03-16,3.19786,3.21393,3.19,3.19964,571704000
2007-03-15,3.21286,3.22714,3.18964,3.19893,559498800
2007-03-14,3.16429,3.21429,3.14,3.21429,796586000
2007-03-13,3.19321,3.23571,3.15714,3.15714,867890800
2007-03-12,3.14536,3.21393,3.1425,3.20964,729408400
2007-03-09,3.17143,3.17321,3.12143,3.14179,451836000
2007-03-08,3.16393,3.16857,3.12357,3.14286,511011200
2007-03-07,3.14464,3.1775,3.12321,3.13286,626284400
2007-03-06,3.13571,3.15393,3.12143,3.14964,723186800
2007-03-05,3.0675,3.16607,3.062857,3.082857,838899600
2007-03-02,3.098929,3.12643,3.043214,3.050357,860000400
2007-03-01,3.001071,3.15393,2.99107,3.10929,1415528800
2007-02-28,2.96429,3.057143,2.96429,3.021786,919475200
2007-02-27,3.082143,3.11,2.97893,2.9975,1145813200
2007-02-26,3.20857,3.21429,3.12893,3.16107,615848800
2007-02-23,3.18429,3.22643,3.17321,3.18107,517893600
2007-02-22,3.24286,3.24321,3.16179,3.19679,838224800
2007-02-21,3.070714,3.19607,3.07,3.18571,1155313600
2007-02-20,3.023214,3.077143,3.0057139,3.067857,617702400
2007-02-16,3.044643,3.050357,3.023571,3.029643,399868000
2007-02-15,3.051429,3.057857,3.027857,3.043214,363661200
2007-02-14,3.0225,3.058571,3.020357,3.046429,507981600
2007-02-13,3.041429,3.046071,3.010714,3.025,580986000
2007-02-12,3.015357,3.042143,2.98679,3.031429,724071600
2007-02-09,3.067143,3.078571,2.97179,2.97393,860540800
2007-02-08,3.051071,3.089643,3.050357,3.077857,679030800
2007-02-07,3.017143,3.085,2.98393,3.076786,1066825200
2007-02-06,3.016071,3.016786,2.95929,3.005357,864393600
2007-02-05,3.010714,3.043929,2.99786,2.99786,578852400
2007-02-02,3.0042861,3.044643,2.98929,3.026786,621530000
2007-02-01,3.079643,3.081071,3.026429,3.026429,664342000
2007-01-31,3.030714,3.071429,3.0125,3.061786,856069200
2007-01-30,3.086786,3.088929,3.044643,3.055357,577970400
2007-01-29,3.082143,3.094643,3.054643,3.069286,901664400
2007-01-26,3.11107,3.12036,3.035357,3.049286,986874000
2007-01-25,3.11107,3.16071,3.0725,3.080357,905973600
2007-01-24,3.095714,3.1125,3.074286,3.096429,927813600
2007-01-23,3.061786,3.12536,3.053929,3.060714,1207424400
2007-01-22,3.18357,3.18429,3.058929,3.099643,1454026000
2007-01-19,3.16536,3.20179,3.14714,3.16071,1364473600
2007-01-18,3.28929,3.28964,3.18036,3.18107,2364605600
2007-01-17,3.48429,3.48571,3.38643,3.39107,1646260000
2007-01-16,3.41714,3.47321,3.40893,3.46786,1244076400
2007-01-12,3.37821,3.395,3.32964,3.37929,1312690400
2007-01-11,3.42643,3.45643,3.39643,3.42143,1440252800
2007-01-10,3.38393,3.49286,3.3375,3.46429,2952880000
2007-01-09,3.0875,3.32071,3.041071,3.30607,3349298400
2007-01-08,3.07,3.090357,3.045714,3.0525,797106800
2007-01-05,3.063214,3.078571,3.014286,3.0375,834741600
2007-01-04,3.001786,3.069643,2.99357,3.059286,847260400
2007-01-03,3.081786,3.092143,2.925,2.99286,1238319600
2006-12-29,2.99821,3.05,2.97714,3.03,1076429200
2006-12-28,2.865,2.90179,2.84464,2.88821,1119876800
2006-12-27,2.79107,2.92857,2.74179,2.91143,1935754800
2006-12-26,2.93393,2.94893,2.88893,2.91107,490688800
2006-12-22,2.98071,3.0014291,2.91429,2.93571,613303600
2006-12-21,3.025,3.052857,2.93571,2.96071,903599200
2006-12-20,3.088214,3.095357,3.026429,3.027143,567691600
2006-12-19,3.026071,3.095714,2.98643,3.0825,911405600
2006-12-18,3.12964,3.14286,3.021071,3.0525,721576800
2006-12-15,3.17929,3.18643,3.11893,3.13286,739939200
2006-12-14,3.18036,3.21429,3.15214,3.1625,832330800
2006-12-13,3.14107,3.18107,3.1125,3.18036,857052000
2006-12-12,3.16464,3.17286,3.054643,3.076429,1026620000
2006-12-11,3.175,3.18929,3.14464,3.16964,499780400
2006-12-08,3.11536,3.1925,3.10714,3.15214,784277200
2006-12-07,3.21536,3.23214,3.10357,3.10857,1004827600
2006-12-06,3.23714,3.26393,3.2025,3.20821,638184400
2006-12-05,3.27321,3.2975,3.24536,3.25964,662838400
2006-12-04,3.28143,3.2875,3.23214,3.25429,709536800
2006-12-01,3.27857,3.2975,3.21786,3.26143,795079600
2006-11-30,3.29321,3.31,3.25214,3.27357,870486400
2006-11-29,3.32143,3.32679,3.22321,3.27857,1157083200
2006-11-28,3.22714,3.28464,3.21107,3.27893,1036173600
2006-11-27,3.30393,3.32714,3.19643,3.19786,1074836000
2006-11-24,3.1975,3.32429,3.19643,3.2725,518677600
2006-11-22,3.17821,3.24107,3.1375,3.22536,671941200
2006-11-21,3.12214,3.16429,3.11107,3.16429,622666800
2006-11-20,3.05,3.10714,3.042857,3.088214,570794000
2006-11-17,3.040714,3.069286,3.035714,3.066071,466424000
2006-11-16,3.031071,3.082143,3.022143,3.0575,693940800
2006-11-15,3.0375,3.067857,3.0,3.001786,655323200
2006-11-14,3.028571,3.035714,2.99643,3.035714,588954800
2006-11-13,2.97214,3.016071,2.95143,3.0125,450674000
2006-11-10,2.98393,2.98571,2.94643,2.96857,373864400
2006-11-09,2.96071,3.024643,2.93286,2.97643,923053600
2006-11-08,2.85786,2.95321,2.85321,2.94464,690916800
2006-11-07,2.87321,2.89286,2.86179,2.87536,525932400
2006-11-06,2.81964,2.85929,2.80107,2.84679,434576800
2006-11-03,2.83429,2.84036,2.77821,2.79607,431888800
2006-11-02,2.81857,2.83286,2.80357,2.82071,465483200
2006-11-01,2.89643,2.90643,2.79857,2.82714,611192400
2006-10-31,2.90893,2.91714,2.86536,2.89571,501474400
2006-10-30,2.85679,2.88929,2.83929,2.87214,499917600
2006-10-27,2.91964,2.94464,2.8575,2.87179,594966400
2006-10-26,2.925,2.95,2.8975,2.93536,432756800
2006-10-25,2.90536,2.92857,2.89321,2.91714,485214800
2006-10-24,2.90036,2.91714,2.86429,2.89464,463212400
2006-10-23,2.85679,2.925,2.84821,2.90929,832507200
2006-10-20,2.82036,2.85679,2.80964,2.85536,639413600
2006-10-19,2.83071,2.85536,2.79143,2.82107,1512977200
2006-10-18,2.66964,2.69179,2.63964,2.66179,1133907600
2006-10-17,2.68,2.68821,2.64429,2.65321,480925200
2006-10-16,2.68536,2.71,2.67107,2.69286,508692800
2006-10-13,2.70107,2.74571,2.66929,2.67929,684196800
2006-10-12,2.62893,2.6925,2.62857,2.68786,592855200
2006-10-11,2.62214,2.64214,2.59286,2.61536,571855200
2006-10-10,2.66214,2.66357,2.61,2.63607,531588400
2006-10-09,2.63571,2.68143,2.62607,2.66536,438222400
2006-10-06,2.65786,2.68,2.63607,2.65071,466958800
2006-10-05,2.66179,2.72,2.6475,2.6725,683883200
2006-10-04,2.64643,2.695,2.61286,2.69214,829082800
2006-10-03,2.65893,2.67679,2.61393,2.64571,790708800
2006-10-02,2.68214,2.70964,2.65357,2.67357,712639200
2006-09-29,2.75393,2.76857,2.73857,2.74929,405812400
2006-09-28,2.75071,2.76714,2.7125,2.75036,723609600
2006-09-27,2.75607,2.76679,2.70786,2.72893,810373200
2006-09-26,2.72071,2.77786,2.71786,2.77179,1102948000
2006-09-25,2.63607,2.70929,2.63286,2.70536,858992400
2006-09-22,2.65357,2.655,2.59214,2.60714,665112000
2006-09-21,2.6875,2.71643,2.64357,2.66607,794124800
2006-09-20,2.65643,2.70286,2.65071,2.68786,822791200
2006-09-19,2.64643,2.65571,2.6,2.63464,710049200
2006-09-18,2.63571,2.67357,2.61786,2.63893,705278000
2006-09-15,2.66429,2.67786,2.6175,2.64643,981853600
2006-09-14,2.63286,2.66679,2.62357,2.64893,801729600
2006-09-13,2.60179,2.65429,2.58214,2.65,1146138000
2006-09-12,2.60036,2.62321,2.55179,2.59393,1684687200
2006-09-11,2.58679,2.63321,2.55071,2.58929,949124400
2006-09-08,2.62036,2.6275,2.56821,2.59,895921600
2006-09-07,2.52143,2.62429,2.50893,2.6,1267957600
2006-09-06,2.53857,2.56036,2.48929,2.50107,974103200
2006-09-05,2.46321,2.55357,2.44821,2.55286,1012457600
2006-09-01,2.44571,2.45179,2.42214,2.44214,408494800
2006-08-31,2.40286,2.43929,2.38071,2.42321,574697200
2006-08-30,2.405,2.42214,2.38143,2.39143,680142400
2006-08-29,2.3925,2.40214,2.32571,2.37429,947332400
2006-08-28,2.44643,2.45036,2.38143,2.39214,738161200
2006-08-25,2.405,2.46607,2.40393,2.45536,543958800
2006-08-24,2.42464,2.43536,2.36679,2.42179,655191600
2006-08-23,2.42857,2.45179,2.39071,2.40393,536258800
2006-08-22,2.38143,2.44,2.375,2.415,576968000
2006-08-21,2.40357,2.40393,2.3625,2.37714,526226400
2006-08-18,2.41821,2.44286,2.40214,2.42536,536354000
2006-08-17,2.42857,2.45214,2.39929,2.41393,581148400
2006-08-16,2.39643,2.43107,2.36893,2.42786,781284000
2006-08-15,2.33357,2.375,2.31429,2.37321,861352800
2006-08-14,2.2875,2.32929,2.27143,2.28357,717620400
2006-08-11,2.25821,2.29036,2.235,2.27321,777529200
2006-08-10,2.25893,2.31464,2.23929,2.28821,697760000
2006-08-09,2.33679,2.34286,2.26429,2.27107,955838800
2006-08-08,2.39607,2.39679,2.30393,2.31357,997864000
2006-08-07,2.41857,2.48571,2.36821,2.40036,1245512800
2006-08-04,2.39464,2.45036,2.32,2.43929,1852866400
2006-08-03,2.42536,2.5,2.42179,2.48536,841044400
2006-08-02,2.41607,2.45286,2.41107,2.43429,550768400
2006-08-01,2.40071,2.42607,2.355,2.39929,711765600
2006-07-31,2.38679,2.45107,2.36714,2.42714,892841600
2006-07-28,2.28357,2.34571,2.26786,2.3425,691507600
2006-07-27,2.30357,2.32214,2.245,2.26429,735044800
2006-07-26,2.21429,2.30857,2.20286,2.28107,898427600
2006-07-25,2.20643,2.2175,2.17071,2.21179,589069600
2006-07-24,2.18786,2.21786,2.15821,2.19357,722856400
2006-07-21,2.13643,2.18393,2.13,2.16857,891892400
2006-07-20,2.17714,2.19964,2.13286,2.16071,1972146400
2006-07-19,1.89143,1.96714,1.87,1.93214,1390743200
2006-07-18,1.89857,1.92321,1.85179,1.88929,1000448400
2006-07-17,1.8475,1.89679,1.84464,1.87036,1024542400
2006-07-14,1.875,1.88893,1.79143,1.80964,993036800
2006-07-13,1.85821,1.93286,1.83607,1.86607,1249906000
2006-07-12,1.97036,1.97286,1.89,1.89143,927329200
2006-07-11,1.96821,1.99964,1.9475,1.9875,825022800
2006-07-10,1.98929,2.0175,1.94643,1.96429,529345600
2006-07-07,1.98143,2.019643,1.9525,1.97857,799360800
2006-07-06,2.038929,2.05,1.98607,1.99179,633208800
2006-07-05,2.041071,2.057143,2.02,2.035714,518240800
2006-07-03,2.054286,2.077857,2.047857,2.069643,194770800
2006-06-30,2.056786,2.0625,2.017857,2.045357,739695600
2006-06-29,2.027143,2.11036,2.013929,2.10607,873398400
2006-06-28,2.046071,2.046429,1.97893,2.00071406,850704400
2006-06-27,2.11036,2.115,2.05,2.051071,550611600
2006-06-26,2.11321,2.11429,2.084643,2.10679,466536000
2006-06-23,2.13286,2.14893,2.0975,2.10107,660203600
2006-06-22,2.078571,2.13393,2.073929,2.12786,965633200
2006-06-21,2.062143,2.096786,2.046429,2.066429,863296000
2006-06-20,2.0575,2.083929,2.046071,2.0525,672974400
2006-06-19,2.065357,2.077857,2.035714,2.042857,704575200
2006-06-16,2.10571,2.11393,2.054286,2.055714,838101600
2006-06-15,2.046429,2.13357,2.026786,2.12071,1190383600
2006-06-14,2.081429,2.099286,2.024643,2.0575,878136000
2006-06-13,2.0575,2.11071,2.048571,2.083214,1080643200
2006-06-12,2.12143,2.13321,2.034286,2.035714,717785600
2006-06-09,2.185,2.19857,2.11071,2.11571,775838000
2006-06-08,2.087143,2.17607,2.041071,2.17,1397482800
2006-06-07,2.14643,2.15714,2.083929,2.091429,750506400
2006-06-06,2.15071,2.16536,2.10393,2.13286,726037200
2006-06-05,2.18393,2.18393,2.14179,2.14286,605785600
2006-06-02,2.24964,2.25357,2.17429,2.20214,685787200
2006-06-01,2.1375,2.22429,2.12571,2.22036,942508000
2006-05-31,2.20571,2.20679,2.096071,2.13464,1280977600
2006-05-30,2.26036,2.26071,2.18643,2.18643,563402000
2006-05-26,2.29679,2.30571,2.255,2.26964,432950000
2006-05-25,2.295,2.30179,2.26036,2.2975,463372000
2006-05-24,2.24964,2.27321,2.19857,2.26214,916031200
2006-05-23,2.31643,2.32821,2.25,2.25536,694414000
2006-05-22,2.28107,2.28536,2.24179,2.26357,718975600
2006-05-19,2.25929,2.31714,2.24357,2.30393,985866000
2006-05-18,2.34571,2.36643,2.25429,2.25643,658442400
2006-05-17,2.31107,2.34643,2.28821,2.33071,754194000
2006-05-16,2.43214,2.4375,2.3125,2.32071,936740000
2006-05-15,2.40607,2.44214,2.39714,2.42107,529177600
2006-05-12,2.42321,2.45321,2.38786,2.41786,641774000
2006-05-11,2.52821,2.53,2.4125,2.43393,812688800
2006-05-10,2.54607,2.5475,2.48607,2.52143,459888800
2006-05-09,2.565,2.59143,2.52214,2.53679,531666800
2006-05-08,2.60679,2.63571,2.56143,2.5675,594851600
2006-05-05,2.56643,2.58036,2.54107,2.5675,563911600
2006-05-04,2.54357,2.60321,2.51643,2.54036,860420400
2006-05-03,2.56536,2.56964,2.50643,2.54071,686991200
2006-05-02,2.50536,2.57071,2.50393,2.55786,771663200
2006-05-01,2.5275,2.555,2.47,2.48571,750380400
2006-04-28,2.47786,2.54643,2.47143,2.51393,760037600
2006-04-27,2.41893,2.495,2.40536,2.47714,845947200
2006-04-26,2.38036,2.43857,2.37143,2.43393,710886400
2006-04-25,2.35571,2.37821,2.34143,2.36321,529062800
2006-04-24,2.3875,2.39,2.33929,2.34821,707028000
2006-04-21,2.43536,2.45143,2.37393,2.39429,788986800
2006-04-20,2.4825,2.5,2.36429,2.41536,1666982800
2006-04-19,2.38643,2.39286,2.33821,2.34464,1086033200
2006-04-18,2.32286,2.37393,2.31393,2.365,794844400
2006-04-17,2.37536,2.38714,2.29821,2.31464,721938000
2006-04-13,2.36929,2.40857,2.35036,2.37393,734678000
2006-04-12,2.42893,2.43464,2.36786,2.3825,739894400
2006-04-11,2.46393,2.475,2.39536,2.42821,939316000
2006-04-10,2.51036,2.53321,2.44464,2.4525,903515200
2006-04-07,2.53321,2.54321,2.44536,2.4925,1545238800
2006-04-06,2.43929,2.57321,2.43571,2.54429,2663768800
2006-04-05,2.31107,2.40036,2.29107,2.40036,2233408800
2006-04-04,2.21786,2.22214,2.18036,2.18464,931924000
2006-04-03,2.27393,2.29,2.23607,2.2375,815791200
2006-03-31,2.25893,2.27179,2.22286,2.24,815357200
2006-03-30,2.24357,2.26071,2.1975,2.24107,1390650800
2006-03-29,2.11179,2.23286,2.059643,2.22607,2346834000
2006-03-28,2.12964,2.14786,2.080357,2.096786,1370322800
2006-03-27,2.15536,2.19214,2.12143,2.12536,1108072000
2006-03-24,2.15179,2.17643,2.10821,2.14143,1071980000
2006-03-23,2.20786,2.21071,2.12893,2.14857,1427826400
2006-03-22,2.22,2.25893,2.18821,2.2025,1345895600
2006-03-21,2.2075,2.29786,2.1925,2.2075,1345366400
2006-03-20,2.32929,2.33786,2.28107,2.28536,605441200
2006-03-17,2.3125,2.34071,2.28964,2.30929,812042000
2006-03-16,2.3875,2.38929,2.29643,2.29679,749638400
2006-03-15,2.41821,2.43,2.34,2.36536,891996000
2006-03-14,2.34893,2.40429,2.33929,2.40429,642020400
2006-03-13,2.32321,2.36714,2.31393,2.34571,861187600
2006-03-10,2.2875,2.30321,2.23036,2.25679,1043142800
2006-03-09,2.35643,2.37393,2.27893,2.28321,799304800
2006-03-08,2.3675,2.4,2.33393,2.345,653251200
2006-03-07,2.34857,2.38929,2.32429,2.36821,872877600
2006-03-06,2.4175,2.41857,2.31929,2.33857,912665600
2006-03-03,2.47857,2.49679,2.41179,2.41857,737668400
2006-03-02,2.46393,2.49964,2.4525,2.48607,625273600
2006-03-01,2.45857,2.48179,2.42929,2.46786,763817600
2006-02-28,2.55643,2.58571,2.43214,2.44607,1266980400
2006-02-27,2.57107,2.57571,2.52321,2.53536,791240800
2006-02-24,2.57643,2.60321,2.54286,2.55214,534744000
2006-02-23,2.56393,2.60714,2.55107,2.5625,856917600
2006-02-22,2.46429,2.55964,2.42857,2.54714,978238800
2006-02-21,2.52107,2.52857,2.45286,2.46714,779606800
2006-02-17,2.51071,2.53179,2.48607,2.51036,575999200
2006-02-16,2.49679,2.53607,2.48143,2.52036,948175200
2006-02-15,2.39857,2.48643,2.38393,2.47214,1159771200
2006-02-14,2.325,2.43214,2.32143,2.41571,1160938800
2006-02-13,2.37964,2.38393,2.30857,2.31107,883498000
2006-02-10,2.32786,2.41679,2.24643,2.40393,1760477600
2006-02-09,2.46786,2.4725,2.30464,2.31964,1149764000
2006-02-08,2.44607,2.46714,2.35714,2.4575,953114400
2006-02-07,2.43821,2.48143,2.38143,2.41429,1388830800
2006-02-06,2.57214,2.58964,2.38357,2.40357,1651767600
2006-02-03,2.58,2.59964,2.53714,2.56607,692123600
2006-02-02,2.68214,2.69143,2.57321,2.575,707322000
2006-02-01,2.67679,2.73071,2.66571,2.69357,521186400
2006-01-31,2.69643,2.72643,2.63393,2.69679,913542000
2006-01-30,2.54179,2.73571,2.53107,2.67857,1398401200
2006-01-27,2.60536,2.62857,2.53929,2.5725,953864800
2006-01-26,2.66179,2.69393,2.56893,2.58321,1181387200
2006-01-25,2.76393,2.76786,2.61607,2.65,1275786400
2006-01-24,2.81286,2.83643,2.70607,2.71571,1142254400
2006-01-23,2.71786,2.84143,2.71429,2.77393,1059730000
2006-01-20,2.83143,2.85857,2.70821,2.7175,1134758800
2006-01-19,2.90179,2.91643,2.81214,2.82286,1695848000
2006-01-18,2.96714,3.001786,2.92321,2.94607,1200637200
2006-01-17,3.060714,3.085,2.99536,3.025357,835623600
2006-01-13,3.035357,3.071786,3.021429,3.056786,776305600
2006-01-12,3.034643,3.085714,2.98643,3.010357,1280809600
2006-01-11,2.99429,3.028571,2.94964,2.99643,1493794400
2006-01-10,2.72321,2.92464,2.70821,2.88786,2279869200
2006-01-09,2.74036,2.75714,2.705,2.71607,675040800
2006-01-06,2.6875,2.73929,2.6625,2.725,704457600
2006-01-05,2.6725,2.675,2.63393,2.65643,449422400
2006-01-04,2.68321,2.71357,2.66071,2.6775,619603600
2006-01-03,2.585,2.66964,2.58036,2.66964,807234400
2005-12-30,2.5325,2.58679,2.51214,2.5675,624262800
2005-12-29,2.635,2.63643,2.55071,2.55179,490025200
2005-12-28,2.65964,2.67,2.61857,2.6275,398115200
2005-12-27,2.64286,2.685,2.64107,2.65107,590590000
2005-12-23,2.64893,2.65214,2.61786,2.61964,229857600
2005-12-22,2.63964,2.66036,2.62857,2.64357,370610800
2005-12-21,2.59286,2.62893,2.59071,2.625,475736800
2005-12-20,2.55821,2.585,2.54,2.57536,479108000
2005-12-19,2.53964,2.59286,2.53714,2.54929,529295200
2005-12-16,2.57643,2.58214,2.53786,2.53964,671171200
2005-12-15,2.59571,2.60214,2.54821,2.57786,561162000
2005-12-14,2.59036,2.61786,2.50964,2.57179,1450716400
2005-12-13,2.67321,2.695,2.65036,2.67786,493816400
2005-12-12,2.67393,2.69107,2.66286,2.67536,524994400
2005-12-09,2.65036,2.66393,2.61964,2.65464,555402400
2005-12-08,2.61429,2.64893,2.59286,2.64571,790479200
2005-12-07,2.65107,2.65929,2.61143,2.64107,679464800
2005-12-06,2.64036,2.6725,2.61964,2.64464,857029600
2005-12-05,2.56964,2.59036,2.55321,2.565,583671200
2005-12-02,2.58107,2.59786,2.525,2.59393,895762000
2005-12-01,2.4625,2.56179,2.4575,2.55714,812893200
2005-11-30,2.44393,2.45893,2.41143,2.42214,595674800
2005-11-29,2.49964,2.51071,2.40536,2.43214,891433200
2005-11-28,2.52571,2.53821,2.46679,2.48786,1018519600
2005-11-25,2.41643,2.48357,2.41071,2.47643,395012800
2005-11-23,2.38857,2.42786,2.38179,2.39679,485853200
2005-11-22,2.31571,2.38429,2.30429,2.37571,540282400
2005-11-21,2.315,2.32821,2.27571,2.32,511711200
2005-11-18,2.3325,2.33679,2.29893,2.30571,524960800
2005-11-17,2.3425,2.35286,2.29464,2.30429,676205600
2005-11-16,2.25536,2.32357,2.25321,2.31964,784515200
2005-11-15,2.2,2.25286,2.195,2.22429,536841200
2005-11-14,2.19786,2.21357,2.17536,2.19464,369933200
2005-11-11,2.19786,2.21821,2.19071,2.19786,425448800
2005-11-10,2.16571,2.18571,2.1075,2.185,665344400
2005-11-09,2.14286,2.18607,2.14286,2.14679,552930000
2005-11-08,2.14107,2.15643,2.11071,2.13929,473765600
2005-11-07,2.17321,2.2025,2.14786,2.15107,638831200
2005-11-04,2.15536,2.18714,2.12929,2.18393,878035200
2005-11-03,2.15214,2.22571,2.14536,2.20893,884382800
2005-11-02,2.061429,2.14286,2.057143,2.14107,857060400
2005-11-01,2.044286,2.076429,2.031071,2.053571,749686000
2005-10-31,1.97143,2.070714,1.95536,2.056786,940844800
2005-10-28,2.0014291,2.015357,1.93464,1.94536,769787200
2005-10-27,2.035357,2.036071,1.97893,1.97893,411541200
2005-10-26,2.01,2.055714,1.99714,2.036786,631593200
2005-10-25,2.014286,2.030357,1.98893,2.003571,465127600
2005-10-24,1.97321,2.028214,1.9675,2.028214,609753200
2005-10-21,2.03,2.035,1.97714,1.98786,796726000
2005-10-20,1.94536,2.017857,1.94107,2.0050001,1357762000
2005-10-19,1.85964,1.96286,1.82893,1.96214,1008683200
2005-10-18,1.90179,1.92679,1.86429,1.86464,609588000
2005-10-17,1.92786,1.93679,1.88143,1.90857,616834400
2005-10-14,1.92964,1.94107,1.88536,1.92857,1035552000
2005-10-13,1.76571,1.92679,1.75964,1.91929,1865575600
2005-10-12,1.7375,1.79643,1.70964,1.75893,2697486400
2005-10-11,1.82964,1.8525,1.8,1.8425,1225884800
2005-10-10,1.84857,1.85393,1.79571,1.79893,507505600
2005-10-07,1.84714,1.85464,1.80536,1.83214,677882800
2005-10-06,1.9,1.91036,1.81679,1.84643,757537200
2005-10-05,1.94036,1.94143,1.88393,1.885,610769600
2005-10-04,1.9625,1.97679,1.91571,1.91964,539459200
2005-10-03,1.93429,1.94786,1.91714,1.94429,507553200
2005-09-30,1.86893,1.91607,1.85286,1.91464,531633200
2005-09-29,1.82964,1.87821,1.81464,1.86929,636846000
2005-09-28,1.89536,1.89679,1.80679,1.82429,1125544000
2005-09-27,1.92571,1.93714,1.90821,1.90857,341703600
2005-09-26,1.92964,1.94857,1.90429,1.92286,546562800
2005-09-23,1.86071,1.91071,1.85143,1.9,558457200
2005-09-22,1.85286,1.87393,1.83286,1.85357,463727600
2005-09-21,1.89143,1.89464,1.85214,1.86107,434747600
2005-09-20,1.8925,1.92179,1.89,1.89964,819828800
2005-09-19,1.82321,1.88893,1.82321,1.88,783731200
2005-09-16,1.79393,1.82893,1.78393,1.82893,591004400
2005-09-15,1.78571,1.79214,1.76179,1.78107,415156000
2005-09-14,1.82357,1.82821,1.76643,1.77179,474426400
2005-09-13,1.82214,1.83179,1.79714,1.815,492884000
2005-09-12,1.825,1.84393,1.80643,1.83571,452796400
2005-09-09,1.78821,1.83393,1.77821,1.8325,615641600
2005-09-08,1.7625,1.79,1.755,1.77786,702640400
2005-09-07,1.75179,1.76429,1.71143,1.73857,963074000
2005-09-06,1.66786,1.74571,1.6625,1.74286,818619200
2005-09-02,1.65357,1.67143,1.64714,1.65071,222378800
2005-09-01,1.67857,1.68464,1.64607,1.65214,356367200
2005-08-31,1.67357,1.67964,1.6525,1.67464,402956400
2005-08-30,1.6425,1.67107,1.64,1.66321,518761600
2005-08-29,1.61679,1.64393,1.61643,1.63714,256295200
2005-08-26,1.64714,1.655,1.62,1.63357,261058000
2005-08-25,1.64714,1.66036,1.63607,1.645,276253600
2005-08-24,1.62857,1.68286,1.62821,1.63464,572070800
2005-08-23,1.6375,1.64643,1.61857,1.63357,295604400
2005-08-22,1.64821,1.66964,1.61643,1.63821,387732800
2005-08-19,1.65286,1.66786,1.63464,1.63679,376569200
2005-08-18,1.67536,1.67857,1.63393,1.65357,442559600
2005-08-17,1.65714,1.69429,1.65607,1.68393,499724400
2005-08-16,1.6925,1.69643,1.65036,1.65179,537622400
2005-08-15,1.66,1.72607,1.65893,1.70286,1086727600
2005-08-12,1.55214,1.65071,1.54857,1.64643,916036800
2005-08-11,1.54964,1.57571,1.54464,1.57143,271983600
2005-08-10,1.57143,1.58536,1.54679,1.54929,360945200
2005-08-09,1.53321,1.5675,1.5325,1.565,380839200
2005-08-08,1.53571,1.54464,1.52179,1.52321,176383200
2005-08-05,1.5175,1.54857,1.50071,1.53536,241931200
2005-08-04,1.53179,1.53571,1.51036,1.52536,269304000
2005-08-03,1.5425,1.54679,1.5275,1.54357,258322400
2005-08-02,1.53179,1.55357,1.52179,1.5425,296875600
2005-08-01,1.52036,1.53857,1.50286,1.52679,314249600
2005-07-29,1.55571,1.585,1.50929,1.52321,562080400
2005-07-28,1.56607,1.57143,1.54643,1.56429,251311200
2005-07-27,1.56536,1.57393,1.52393,1.57107,283749200
2005-07-26,1.57179,1.57536,1.54857,1.55821,268592800
2005-07-25,1.57107,1.58143,1.56179,1.56464,294627200
2005-07-22,1.55143,1.57143,1.54964,1.57143,301106400
2005-07-21,1.56071,1.57286,1.53214,1.54607,404264000
2005-07-20,1.53071,1.56429,1.52321,1.55821,453395600
2005-07-19,1.48286,1.54393,1.46679,1.5425,671062000
2005-07-18,1.47893,1.50357,1.4775,1.48179,586297600
2005-07-15,1.46321,1.48464,1.445,1.48393,687682800
2005-07-14,1.45679,1.50036,1.43679,1.45536,2096060400
2005-07-13,1.3675,1.375,1.35357,1.36964,684835200
2005-07-12,1.36536,1.37143,1.35393,1.36571,387038400
2005-07-11,1.37036,1.38036,1.34929,1.36071,388788400
2005-07-08,1.3525,1.36714,1.33821,1.36607,290735200
2005-07-07,1.31464,1.34857,1.31429,1.34393,383723200
2005-07-06,1.34679,1.36286,1.32857,1.33536,394626400
2005-07-05,1.30536,1.3625,1.30357,1.35643,454269200
2005-07-01,1.31536,1.32036,1.29607,1.30357,250000800
2005-06-30,1.3075,1.32714,1.29679,1.31464,418390000
2005-06-29,1.32964,1.33179,1.29,1.29893,448358400
2005-06-28,1.33893,1.3425,1.3275,1.3325,350299600
2005-06-27,1.31571,1.36071,1.31,1.325,600171600
2005-06-24,1.39607,1.39714,1.34571,1.34857,410709600
2005-06-23,1.38679,1.42071,1.38036,1.38893,674254000
2005-06-22,1.36643,1.37857,1.36214,1.37679,424925200
2005-06-21,1.34714,1.36393,1.335,1.35214,370526800
2005-06-20,1.35179,1.36036,1.3375,1.34321,323716400
2005-06-17,1.37393,1.37643,1.35107,1.36821,596125600
2005-06-16,1.32821,1.36,1.315,1.35643,547674400
2005-06-15,1.31679,1.33214,1.29643,1.32607,563343200
2005-06-14,1.28286,1.29107,1.27679,1.28571,347846800
2005-06-13,1.28179,1.3075,1.27929,1.28214,435772400
2005-06-10,1.33571,1.33571,1.26857,1.27893,678932800
2005-06-09,1.32143,1.355,1.315,1.34464,390255600
2005-06-08,1.30821,1.33036,1.30607,1.31857,404006400
2005-06-07,1.34286,1.3475,1.30179,1.305,745264800
2005-06-06,1.36893,1.37964,1.34143,1.35429,811966400
2005-06-03,1.36286,1.37786,1.34893,1.36571,956869200
2005-06-02,1.43036,1.44,1.41429,1.43,373973600
2005-06-01,1.42464,1.45571,1.42357,1.43929,453812800
2005-05-31,1.45214,1.455,1.41357,1.42,404205200
2005-05-27,1.45143,1.45679,1.42893,1.44857,316008000
2005-05-26,1.42643,1.46214,1.42643,1.455,525520800
2005-05-25,1.41071,1.42679,1.40429,1.42071,396006800
2005-05-24,1.40893,1.42821,1.39393,1.41786,593460000
2005-05-23,1.35179,1.425,1.35179,1.42,1042574400
2005-05-20,1.33036,1.34464,1.32821,1.34107,452650800
2005-05-19,1.27786,1.34571,1.27786,1.34107,793161600
2005-05-18,1.26607,1.34143,1.24964,1.28,636722800
2005-05-17,1.255,1.26643,1.23357,1.26286,588344400
2005-05-16,1.23429,1.275,1.23321,1.26964,474294800
2005-05-13,1.22143,1.25821,1.21679,1.24179,702713200
2005-05-12,1.265,1.27107,1.21429,1.21893,970242000
2005-05-11,1.25714,1.27393,1.1825,1.27179,2041981200
2005-05-10,1.3125,1.33036,1.2975,1.30071,440263600
2005-05-09,1.33143,1.3375,1.3125,1.32036,355695200
2005-05-06,1.3175,1.33321,1.31393,1.33,326247600
2005-05-05,1.33036,1.33107,1.3025,1.31,387366000
2005-05-04,1.28964,1.32857,1.28929,1.32679,448176400
2005-05-03,1.3,1.31214,1.28679,1.29321,496739600
2005-05-02,1.29321,1.30893,1.28643,1.30107,465920000
2005-04-29,1.29107,1.29393,1.25786,1.28786,671630400
2005-04-28,1.29607,1.29786,1.25857,1.26929,575106000
2005-04-27,1.28179,1.29857,1.26821,1.28393,613888800
2005-04-26,1.31357,1.33964,1.29,1.2925,810507600
2005-04-25,1.30321,1.32214,1.28964,1.32071,746460400
2005-04-22,1.31571,1.32143,1.24643,1.26786,839129200
2005-04-21,1.3,1.32893,1.28214,1.32786,759592400
2005-04-20,1.345,1.34786,1.26571,1.26821,945131600
2005-04-19,1.30714,1.33714,1.28107,1.32464,1081642800
2005-04-18,1.25,1.29643,1.21429,1.27214,1327177600
2005-04-15,1.30786,1.33036,1.26,1.2625,1728087200
2005-04-14,1.38607,1.41286,1.31571,1.33071,2753192400
2005-04-13,1.53393,1.53536,1.4425,1.46571,1371946800
2005-04-12,1.5175,1.5425,1.50036,1.52357,981061200
2005-04-11,1.57679,1.58036,1.49679,1.49714,821662800
2005-04-08,1.56071,1.5875,1.555,1.56214,649950000
2005-04-07,1.51179,1.5625,1.50893,1.55571,506987600
2005-04-06,1.51429,1.52893,1.50536,1.51179,414825600
2005-04-05,1.47214,1.50857,1.4675,1.49607,556239600
2005-04-04,1.46393,1.47536,1.43429,1.4675,580014400
2005-04-01,1.50321,1.50643,1.44893,1.46036,641284000
2005-03-31,1.51607,1.51857,1.48536,1.48821,636134800
2005-03-30,1.5025,1.52857,1.49357,1.52857,394959600
2005-03-29,1.52,1.52964,1.48214,1.49107,461356000
2005-03-28,1.52679,1.53429,1.51679,1.51893,275410800
2005-03-24,1.5325,1.53571,1.51786,1.51786,352704800
2005-03-23,1.51607,1.55,1.50071,1.51964,609823200
2005-03-22,1.56107,1.57,1.52429,1.52964,551415200
2005-03-21,1.54607,1.57036,1.53071,1.56071,541128000
2005-03-18,1.5475,1.55143,1.51786,1.53429,940150400
2005-03-17,1.48321,1.53143,1.47571,1.50893,801920000
2005-03-16,1.47179,1.51107,1.45643,1.47071,697813200
2005-03-15,1.45143,1.46929,1.4375,1.46286,508608800
2005-03-14,1.44714,1.45679,1.41143,1.44,605385200
2005-03-11,1.43607,1.44964,1.42143,1.43821,632830800
2005-03-10,1.41179,1.43786,1.39643,1.4225,777109200
2005-03-09,1.41571,1.43857,1.38679,1.40536,1322465200
2005-03-08,1.49643,1.50571,1.43214,1.4475,1021451200
2005-03-07,1.52857,1.54464,1.5125,1.52679,450632000
2005-03-04,1.52714,1.53607,1.49464,1.52893,756618800
2005-03-03,1.58464,1.58607,1.47214,1.4925,1411653600
2005-03-02,1.58036,1.60321,1.57429,1.57571,458161200
2005-03-01,1.60679,1.61107,1.57714,1.58929,468188000
2005-02-28,1.59571,1.61214,1.57,1.60214,651610400
2005-02-25,1.60036,1.60554,1.57482,1.58911,915510400
2005-02-24,1.58,1.59482,1.56661,1.58804,1519028000
2005-02-23,1.54857,1.57946,1.52768,1.57554,1345181600
2005-02-22,1.54107,1.57679,1.52304,1.52304,1219293600
2005-02-18,1.56679,1.56893,1.54018,1.55018,1163254400
2005-02-17,1.61875,1.62286,1.56161,1.56804,1518473600
2005-02-16,1.57411,1.61071,1.55982,1.60946,1639243200
2005-02-15,1.5475,1.59071,1.53571,1.57875,2312217600
2005-02-14,1.47732,1.51411,1.46518,1.51125,1271463200
2005-02-11,1.42607,1.46,1.40964,1.45018,1201054400
2005-02-10,1.40571,1.41571,1.36893,1.39929,1093019200
2005-02-09,1.44714,1.46411,1.39464,1.40607,1191456000
2005-02-08,1.41196,1.45321,1.40696,1.44464,890019200
2005-02-07,1.40946,1.41696,1.38393,1.40964,524456800
2005-02-04,1.39054,1.40946,1.38446,1.40786,563556000
2005-02-03,1.4125,1.41839,1.38089,1.38946,731651200
2005-02-02,1.39196,1.42696,1.38732,1.42196,1020062400
2005-02-01,1.37589,1.38875,1.3675,1.38446,678395200
2005-01-31,1.33179,1.39089,1.33054,1.37321,1681097600
2005-01-28,1.29679,1.32107,1.29357,1.32107,801612000
2005-01-27,1.28857,1.30214,1.27768,1.29714,496227200
2005-01-26,1.2975,1.29911,1.27179,1.29018,739496800
2005-01-25,1.27446,1.30071,1.26679,1.28661,969231200
2005-01-24,1.2675,1.28179,1.25982,1.26357,841629600
2005-01-21,1.27339,1.27857,1.25,1.25875,911332800
2005-01-20,1.24375,1.27268,1.24054,1.25821,914922400
2005-01-19,1.25875,1.27607,1.24554,1.24786,751895200
2005-01-18,1.24732,1.2625,1.20982,1.26161,1006460000
2005-01-14,1.25446,1.28071,1.23554,1.25357,1770742400
2005-01-13,1.31625,1.32893,1.24518,1.24643,3164716800
2005-01-12,1.16875,1.17679,1.13036,1.16893,1919702400
2005-01-11,1.21875,1.23482,1.14536,1.15286,2611627200
2005-01-10,1.24696,1.2625,1.21214,1.23143,1725309600
2005-01-07,1.16071,1.24339,1.15625,1.23661,2227450400
2005-01-06,1.15482,1.15911,1.13089,1.15268,705555200
2005-01-05,1.15107,1.16518,1.14375,1.15179,680433600
2005-01-04,1.13911,1.16911,1.12446,1.14179,1096810400
2005-01-03,1.15679,1.16268,1.11786,1.13018,691992000
2004-12-31,1.15875,1.16071,1.14339,1.15,278588800
2004-12-30,1.15732,1.16125,1.14679,1.15714,345340800
2004-12-29,1.13946,1.16036,1.13518,1.15071,449562400
2004-12-28,1.13036,1.14732,1.10804,1.14607,611755200
2004-12-27,1.15714,1.16339,1.12286,1.12786,559490400
2004-12-23,1.13839,1.14732,1.13571,1.14304,245929600
2004-12-22,1.13679,1.14929,1.13214,1.13839,565829600
2004-12-21,1.135,1.13875,1.1,1.13732,1064414400
2004-12-20,1.16911,1.17857,1.10286,1.12,1168126400
2004-12-17,1.19357,1.19714,1.15893,1.16054,783496000
2004-12-16,1.18125,1.20536,1.17946,1.18929,1126115200
2004-12-15,1.165,1.16893,1.15464,1.16536,398361600
2004-12-14,1.16786,1.17643,1.16107,1.16589,415721600
2004-12-13,1.17179,1.17679,1.15357,1.15911,395040800
2004-12-10,1.16125,1.17946,1.15536,1.16339,775773600
2004-12-09,1.12161,1.15,1.10839,1.14268,741501600
2004-12-08,1.12643,1.15054,1.10804,1.13,691902400
2004-12-07,1.17732,1.19161,1.11714,1.12304,1056899200
2004-12-06,1.14732,1.18286,1.12411,1.17464,1247920800
2004-12-03,1.15232,1.16071,1.10268,1.11929,1238848800
2004-12-02,1.18089,1.19464,1.15464,1.16446,987442400
2004-12-01,1.21054,1.21339,1.18339,1.21054,800553600
2004-11-30,1.22839,1.22839,1.19732,1.19732,1028518400
2004-11-29,1.23125,1.24232,1.20375,1.22214,1712916800
2004-11-26,1.16696,1.17429,1.14893,1.15268,550144000
2004-11-24,1.10161,1.16429,1.099107,1.14375,1390788000
2004-11-23,1.1125,1.11518,1.090179,1.094107,911450400
2004-11-22,1.10357,1.14286,1.033929,1.095536,2568210400
2004-11-19,0.99089301,1.01625,0.97321397,0.98517901,765279200
2004-11-18,0.969643,0.990179,0.969464,0.98910701,459149600
2004-11-17,0.98553598,0.990179,0.96821398,0.98035699,397751200
2004-11-16,0.98500001,0.98571402,0.972857,0.981071,295103200
2004-11-15,0.98571402,0.99035698,0.970357,0.98642898,376045600
2004-11-12,0.98232102,0.99446398,0.97928602,0.99107099,395701600
2004-11-11,0.98124999,0.98982102,0.96839303,0.98750001,407299200
2004-11-10,0.96339297,0.98910701,0.96267903,0.97767901,508676000
2004-11-09,0.96839303,0.97410703,0.95321399,0.96517903,475764800
2004-11-08,0.96910697,0.990179,0.96178597,0.971071,526920800
2004-11-05,0.97964299,0.98214298,0.929286,0.97714299,1205047200
2004-11-04,0.98267901,0.99196398,0.97089303,0.97232097,928625600
2004-11-03,0.97089303,1.001964,0.96410698,0.987679,1204173600
2004-11-02,0.93571401,0.96571398,0.93571401,0.95535702,729988000
2004-11-01,0.9375,0.95107102,0.929286,0.936607,602050400
2004-10-29,0.92571402,0.94999999,0.92500001,0.93571401,810219200
2004-10-28,0.89249998,0.9325,0.88392901,0.93196398,864264800
2004-10-27,0.86624998,0.903929,0.86017901,0.89821398,1193494400
2004-10-26,0.84732097,0.85803598,0.83875,0.85660702,594361600
2004-10-25,0.842857,0.85428602,0.840536,0.84910703,392644000
2004-10-22,0.84892899,0.85124999,0.839643,0.84660703,483067200
2004-10-21,0.847857,0.85946399,0.84571397,0.856071,724505600
2004-10-20,0.84249997,0.85000002,0.83303601,0.84767902,605108000
2004-10-19,0.85892898,0.86339301,0.84482098,0.84678602,801992800
2004-10-18,0.79821402,0.85267901,0.79821402,0.85267901,1200752000
2004-10-15,0.80142897,0.81446397,0.78910702,0.8125,1031128000
2004-10-14,0.77125001,0.81696397,0.759821,0.80321401,2768427200
2004-10-13,0.694107,0.70999998,0.69178599,0.70982099,1163008000
2004-10-12,0.6875,0.68892902,0.67232102,0.68374997,460191200
2004-10-11,0.69285703,0.69749999,0.68214297,0.689107,323870400
2004-10-08,0.706429,0.71017897,0.69357097,0.69749999,359228800
2004-10-07,0.72392899,0.73089302,0.70464301,0.70749998,426148800
2004-10-06,0.70535702,0.72785699,0.70482099,0.72571403,446303200
2004-10-05,0.68857098,0.70839298,0.68571401,0.70303601,406162400
2004-10-04,0.69964302,0.69964302,0.69196397,0.69267899,574084000
2004-10-01,0.69857103,0.699821,0.68892902,0.69053602,465404800
2004-09-30,0.69642901,0.70125002,0.686607,0.69196397,425012000
2004-09-29,0.67732102,0.69392902,0.67535698,0.690714,273509600
2004-09-28,0.66892898,0.68374997,0.66874999,0.679286,353186400
2004-09-27,0.65982097,0.67821401,0.65767902,0.67017901,397516000
2004-09-24,0.66874999,0.67857099,0.66339302,0.66589302,369488000
2004-09-23,0.66142899,0.66964298,0.659464,0.66553599,397404000
2004-09-22,0.68035698,0.68107098,0.65732098,0.65928602,401688000
2004-09-21,0.67410702,0.694107,0.66892898,0.67874998,386652000
2004-09-20,0.658571,0.67821401,0.65839303,0.67339301,245000000
2004-09-17,0.65267903,0.66750002,0.64999998,0.66321403,502308800
2004-09-16,0.62857097,0.65642899,0.62642902,0.64910698,501916800
2004-09-15,0.63142902,0.63357103,0.62142903,0.62857097,232668800
2004-09-14,0.62928599,0.634821,0.62107098,0.63375002,254822400
2004-09-13,0.64071399,0.64410698,0.630714,0.63553602,281976800
2004-09-10,0.63678598,0.64696401,0.633214,0.64053601,328014400
2004-09-09,0.64464301,0.64821398,0.63,0.63749999,461339200
2004-09-08,0.63749999,0.653036,0.63714302,0.64910698,343526400
2004-09-07,0.63214302,0.64625001,0.629107,0.63857102,301957600
2004-09-03,0.62517899,0.64142901,0.62517899,0.629107,293468000
2004-09-02,0.63392901,0.63946402,0.62196398,0.63678598,406324800
2004-09-01,0.61250001,0.64267898,0.61053598,0.64035702,515726400
2004-08-31,0.60839301,0.624107,0.60714298,0.61589301,376560800
2004-08-30,0.60714298,0.62,0.60642898,0.60928601,218142400
2004-08-27,0.619286,0.62071401,0.60714298,0.61339301,388813600
2004-08-26,0.58999997,0.628214,0.58464301,0.61892903,955858400
2004-08-25,0.569107,0.59196401,0.566607,0.59017903,505618400
2004-08-24,0.55821401,0.57053602,0.55696398,0.57053602,374136000
2004-08-23,0.55107099,0.558393,0.54642898,0.55500001,254660000
2004-08-20,0.54839301,0.55339301,0.54446399,0.55000001,316780800
2004-08-19,0.56267899,0.56892902,0.54214299,0.54839301,388920000
