Datetime,Open,High,Low,Close,Volume
2013-02-28,19.95271,20.099413,19.95097,19.9552,90971711
2013-02-27,19.7958,20.043621,19.7039,19.91984,81347773
2013-02-26,19.80078,19.82444,19.53677,19.67949,88430220
2013-02-25,19.9826,20.13478,19.68845,19.69543,92501423
2013-02-22,19.90688,19.95645,19.77089,19.91809,82463941
2013-02-21,19.8755,20.061056,19.70663,19.81398,140781714
2013-02-20,20.05732,20.14873,19.72083,19.73752,110982436
2013-02-19,19.82544,20.099663,19.80776,20.095926,117711564
2013-02-15,19.61149,19.75744,19.60327,19.74823,109601278
2013-02-14,19.42046,19.64487,19.37164,19.62195,69672173
2013-02-13,19.43042,19.56043,19.42644,19.49841,48107646
2013-02-12,19.47077,19.62395,19.41149,19.44462,74638720
2013-02-11,19.38733,19.5019,19.27152,19.48746,87037018
2013-02-08,19.43042,19.59331,19.41622,19.56093,121256803
2013-02-07,19.17064,19.39754,19.066036,19.2765,114033831
2013-02-06,18.90589,19.25184,18.89169,19.18235,83435569
2013-02-05,18.95719,19.20576,18.91585,19.072014,75108474
2013-02-04,19.12058,19.18982,18.88596,18.90464,122075862
2013-02-01,18.88422,19.3425,18.88173,19.31759,150405652
2013-01-31,18.69268,18.86977,18.68621,18.8217,65613015
2013-01-30,18.77313,18.95271,18.75246,18.77538,69579828
2013-01-29,18.59904,18.85308,18.59381,18.77164,70145942
2013-01-28,18.72382,18.81946,18.62743,18.69817,65327951
2013-01-25,18.69916,18.89119,18.68621,18.77139,89369729
2013-01-24,18.4618,18.8501,18.44362,18.78484,135815168
2013-01-23,18.33104,18.65508,18.32606,18.46828,237249950
2013-01-22,17.55072,17.56765,17.32307,17.50613,152264594
2013-01-18,17.69268,17.75271,17.46778,17.54698,129555794
2013-01-17,17.87575,17.92382,17.70912,17.71659,88791570
2013-01-16,17.99256,18.040878,17.77512,17.81298,81239368
2013-01-15,17.9161,18.30638,17.73602,18.055573,157696879
2013-01-14,18.3562,18.48571,17.99131,18.013729,114985384
2013-01-11,18.48073,18.49144,18.33876,18.43067,51600690
2013-01-10,18.5014,18.55545,18.26902,18.46778,73703226
2013-01-09,18.23839,18.38982,18.14698,18.38409,81291563
2013-01-08,18.31983,18.33876,18.043119,18.26404,67295297
2013-01-07,18.31759,18.41547,18.1963,18.30016,66476239
2013-01-04,18.16541,18.46753,18.12407,18.38036,110954331
2013-01-03,18.055573,18.22992,17.95072,18.024191,93075567
2013-01-02,17.91834,18.10713,17.84686,18.013729,102033017
2012-12-31,17.43465,17.69791,17.33502,17.61846,80195470
2012-12-28,17.47674,17.60676,17.4349,17.4349,56290202
2012-12-27,17.61248,17.65483,17.40003,17.59131,66142994
2012-12-26,17.63565,17.75545,17.49468,17.65557,47473277
2012-12-24,17.79605,17.81273,17.6207,17.67126,33762076
2012-12-21,17.7826,17.90339,17.69667,17.82394,141568653
2012-12-20,18.013979,18.048599,17.85732,17.99156,66528434
2012-12-19,17.95047,18.0075035,17.85009,17.93552,77031655
2012-12-18,17.8481,18.15943,17.8095,17.95943,120646524
2012-12-17,17.57164,17.9806,17.53477,17.95221,121871097
2012-12-14,17.41398,17.62942,17.39555,17.48347,85523366
2012-12-13,17.83116,17.84486,17.42344,17.5019,138312493
2012-12-12,17.41547,17.52207,17.27226,17.37388,97403730
2012-12-11,17.18558,17.48247,17.1288,17.35694,107906951
2012-12-10,17.070765,17.22668,17.030914,17.071512,54872909
2012-12-07,17.31012,17.35694,16.99679,17.041374,77059760
2012-12-06,17.12556,17.32531,17.048847,17.21373,58711242
2012-12-05,17.23913,17.29766,16.99455,17.13129,74775229
2012-12-04,17.31012,17.32282,17.078485,17.21124,79966615
2012-12-03,17.49044,17.58135,17.28795,17.31634,88028721
2012-11-30,17.21821,17.41522,17.078238,17.39405,127018318
2012-11-29,17.13029,17.28272,16.98633,17.23266,111476280
2012-11-28,16.63789,17.058809,16.53527,17.027925,122136087
2012-11-27,16.44262,16.81199,16.38857,16.70514,100724129
2012-11-26,16.59878,16.61273,16.41398,16.46703,88514535
2012-11-23,16.6867,16.68745,16.59031,16.63689,37038310
2012-11-21,16.6623,16.68247,16.44835,16.58459,84804682
2012-11-20,16.67525,16.8867,16.55221,16.6867,83861158
2012-11-19,16.33129,16.66055,16.32705,16.64287,95083064
2012-11-16,16.089443,16.26454,15.84062,16.11908,138043489
2012-11-15,16.18932,16.43839,16.037388,16.12107,74233205
2012-11-14,16.45482,16.49268,16.20177,16.25283,66986143
2012-11-13,16.51311,16.62767,16.3943,16.41472,64007018
2012-11-12,16.53178,16.68247,16.46005,16.58533,56446786
2012-11-09,16.30513,16.64611,16.19679,16.51385,125030896
2012-11-08,16.69243,16.72456,16.21995,16.24636,104269368
2012-11-07,16.81199,16.89243,16.60003,16.61572,89626688
2012-11-06,17.073006,17.098412,16.8755,16.97936,63549309
2012-11-05,17.048597,17.10738,16.82593,17.010241,65681270
2012-11-02,17.30489,17.32382,17.12008,17.13378,93324497
2012-11-01,16.92406,17.208,16.90464,17.12556,82311371
2012-10-31,16.93303,16.96142,16.81199,16.94399,61710442
2012-10-26,16.84934,17.011986,16.71734,16.81572,78324483
2012-10-25,16.93652,16.98633,16.77487,16.88073,96403996
2012-10-24,17.10588,17.11086,16.81871,16.86927,100234300
2012-10-23,16.73751,17.11908,16.73726,16.94523,117101285
2012-10-22,16.96167,17.051836,16.67998,16.90339,162832055
2012-10-19,17.57363,17.60152,16.73726,16.9811,461009524
2012-10-18,18.81797,18.9146,16.83689,17.31012,499561487
2012-10-17,18.5293,18.83789,18.43739,18.81672,92059774
2012-10-16,18.43415,18.60501,18.34275,18.54798,82636586
2012-10-15,18.47923,18.52631,18.19929,18.45532,121216653
2012-10-12,18.72606,18.80128,18.53303,18.54922,96528461
2012-10-11,18.75221,18.89169,18.68721,18.71684,95713418
2012-10-10,18.47724,18.61846,18.38833,18.54449,81901842
2012-10-09,18.92083,18.96193,18.49393,18.53279,120578269
2012-10-08,18.95396,19.018215,18.78334,18.87525,78637653
2012-10-05,19.1958,19.28721,19.053831,19.11959,109846193
2012-10-04,18.99754,19.17538,18.9141,19.12955,98535958
2012-10-03,18.82245,19.026684,18.73478,18.99132,88663090
2012-10-02,19.058563,19.078239,18.68671,18.85408,112026334
2012-10-01,18.90539,19.053581,18.83465,18.97338,127194978
2012-09-28,18.78334,18.91162,18.70863,18.79206,111757330
2012-09-27,18.9278,18.99978,18.72108,18.84188,157833389
2012-09-26,18.67625,18.95993,18.45582,18.76616,227766537
2012-09-25,18.75595,19.050842,18.6217,18.65906,243248350
2012-09-24,18.20676,18.68098,18.18808,18.66454,143086320
2012-09-21,18.23689,18.30439,18.18484,18.28123,255317419
2012-09-20,18.044115,18.21622,17.96317,18.13503,116731906
2012-09-19,17.87052,18.14598,17.84337,18.11958,124396528
2012-09-18,17.62842,17.89941,17.60352,17.88994,82981875
2012-09-17,17.63664,17.75545,17.55918,17.68322,60558139
2012-09-14,17.67375,17.75844,17.60925,17.67575,105132591
2012-09-13,17.26255,17.65881,17.19903,17.58509,106758663
2012-09-12,17.17089,17.30788,16.95844,17.2075,106088160
2012-09-11,17.38384,17.45084,17.21049,17.24013,75232938
2012-09-10,17.67774,17.7537,17.39455,17.45383,102783820
2012-09-07,17.43465,17.73976,17.37662,17.58783,129804723
2012-09-06,17.084961,17.43191,17.054325,17.41971,122196311
2012-09-05,16.93652,17.098412,16.9151,16.95445,68584110
2012-09-04,17.049843,17.06105,16.77463,16.96242,75867307
2012-08-31,17.036144,17.15022,16.93751,17.063293,85402916
2012-08-30,17.042122,17.12058,16.941,16.97836,65319921
2012-08-29,16.87101,17.16043,16.84063,17.13602,120060335
2012-08-28,16.56292,16.87724,16.55644,16.86802,82652646
2012-08-27,16.51286,16.73726,16.41946,16.66802,104939872
2012-08-24,16.82693,16.94773,16.78907,16.9024,57277890
2012-08-23,16.7938,16.94847,16.71236,16.85682,71635505
2012-08-22,16.6222,16.95146,16.60526,16.86628,76654246
2012-08-21,16.76491,16.8867,16.49243,16.67525,89221174
2012-08-20,16.82444,16.90837,16.7537,16.82543,70587592
2012-08-17,16.79007,16.86802,16.72979,16.86529,87434502
2012-08-16,16.62543,16.80302,16.61472,16.75893,68965534
2012-08-15,16.69443,16.7933,16.5405,16.62618,96789436
2012-08-14,16.4197,16.75843,16.41348,16.65408,147016998
2012-08-13,16.12506,16.44212,16.10663,16.43863,131205956
2012-08-10,15.90513,15.99604,15.84386,15.99006,57599089
2012-08-09,16.052582,16.098907,15.97811,15.99878,42972470
2012-08-08,15.91659,16.086454,15.90289,15.99579,53086237
2012-08-07,15.98483,16.046354,15.85233,15.9537,79569131
2012-08-06,15.93054,16.17388,15.92083,16.010489,71563235
2012-08-03,15.94025,16.032906,15.84411,15.97338,76168432
2012-08-02,15.57936,15.89119,15.52705,15.66005,79404516
2012-08-01,15.873,15.92805,15.72556,15.75793,74060561
2012-07-31,15.64785,15.85308,15.64685,15.76516,74903709
2012-07-30,15.84187,16.0050087,15.67873,15.74847,87795852
2012-07-27,15.41447,15.81572,15.37985,15.81472,142520206
2012-07-26,15.31759,15.36416,15.1938,15.27674,67660662
2012-07-25,15.15121,15.27724,15.077735,15.14299,73193322
2012-07-24,15.31759,15.39056,15.052081,15.13253,80677269
2012-07-23,14.95594,15.40102,14.9004,15.33029,143002005
2012-07-20,15.16217,15.26628,14.89866,15.21348,259517101
2012-07-19,14.59878,14.90613,14.59529,14.77113,187688877
2012-07-18,14.37064,14.53776,14.34947,14.46478,62160121
2012-07-17,14.40675,14.46254,14.15694,14.36441,67455897
2012-07-16,14.35544,14.42568,14.24112,14.31933,58723287
2012-07-13,14.25034,14.42468,14.16067,14.35918,79336261
2012-07-12,14.12506,14.24486,13.99977,14.20874,92738308
2012-07-11,14.3537,14.3923,14.070759,14.22643,140496649
2012-07-10,14.69965,14.75544,14.41447,14.4882,77212330
2012-07-09,14.56914,14.66005,14.47699,14.59554,68861145
2012-07-06,14.75594,14.78259,14.51609,14.5948,86796118
2012-07-05,14.66404,14.94548,14.65856,14.84237,94187720
2012-07-03,14.4461,14.65532,14.39604,14.64087,47758342
2012-07-02,14.49118,14.52057,14.35868,14.45756,66468209
2012-06-29,14.32032,14.44909,14.25158,14.4476,101157748
2012-06-28,14.09467,14.10289,13.87823,14.055068,77124000
2012-06-27,14.1395,14.29616,14.097659,14.17935,67945726
2012-06-26,14.016463,14.1121,13.93477,14.064284,54210435
2012-06-25,14.13029,14.14921,13.88172,13.96515,63501129
2012-06-22,14.14697,14.23365,14.092677,14.23365,89450029
2012-06-21,14.44187,14.44187,14.040622,14.077484,80753554
2012-06-20,14.44112,14.44585,14.28421,14.38384,94219840
2012-06-19,14.2862,14.55245,14.2745,14.48396,83359284
2012-06-18,14.012976,14.30164,13.92904,14.21796,100250360
2012-06-15,13.95619,14.060299,13.87524,14.060049,120497969
2012-06-14,13.9801,14.073997,13.86104,13.92406,94147570
2012-06-13,13.99056,14.12207,13.91484,13.97487,78460993
2012-06-12,14.19106,14.20426,13.91235,14.074744,129451404
2012-06-11,14.55071,14.57836,14.11435,14.15943,106842978
2012-06-08,14.34249,14.47076,14.31086,14.45706,56627461
2012-06-07,14.63514,14.64237,14.37736,14.40177,70603652
2012-06-06,14.35818,14.49492,14.2867,14.46005,84146223
2012-06-05,14.33253,14.39928,14.10887,14.207,93946821
2012-06-04,14.20227,14.45806,14.19704,14.41074,97672734
2012-06-01,14.24137,14.26279,14.15569,14.2212,122774470
2012-05-31,14.66304,14.69492,14.42095,14.46727,119177037
2012-05-30,14.64909,14.74224,14.53377,14.65084,76553871
2012-05-29,14.83963,14.92232,14.65308,14.80301,104618672
2012-05-25,14.96889,14.98707,14.65208,14.73303,143813034
2012-05-24,15.17213,15.24087,14.91584,15.035145,75935562
2012-05-23,14.98508,15.18309,14.87226,15.1796,127600492
2012-05-22,15.27873,15.28795,14.84436,14.96391,122533571
2012-05-21,14.95669,15.33477,14.94399,15.29542,123477094
2012-05-18,15.56914,15.75146,14.86179,14.95395,239835606
2012-05-17,15.78658,15.8867,15.47275,15.51808,134654835
2012-05-16,15.39131,15.69368,15.341,15.66453,194128926
2012-05-15,15.077237,15.31759,15.037386,15.2207,84399167
2012-05-14,14.96341,15.15569,14.95843,15.043613,73249532
2012-05-11,15.20177,15.30638,15.062791,15.074248,84290763
2012-05-10,15.26678,15.34723,15.19878,15.28421,61666277
2012-05-09,15.11385,15.35196,14.98907,15.17188,93501157
2012-05-08,15.08172,15.36491,14.96142,15.26254,107493407
2012-05-07,14.81945,15.20725,14.81945,15.13203,80079035
2012-05-04,15.091434,15.1405,14.86453,14.86852,88626955
2012-05-03,15.18359,15.31335,15.1669,15.21846,75000069
2012-05-02,14.97387,15.14598,14.95918,15.12481,64701612
2012-05-01,15.038382,15.2329,14.94872,15.054323,80392204
2012-04-30,15.26752,15.34449,14.95918,15.064783,96652926
2012-04-27,15.31808,15.36092,15.208,15.31709,65701345
2012-04-26,15.21572,15.39231,15.18558,15.32929,84013728
2012-04-25,15.043613,15.22668,15.015717,15.18608,73117037
2012-04-24,14.90015,15.10912,14.87724,14.97562,77453230
2012-04-23,14.76715,14.90538,14.6999,14.88421,88241516
2012-04-20,15.04984,15.16441,14.84013,14.84585,122794545
2012-04-19,15.085705,15.34897,14.91908,14.92655,132277959
2012-04-18,15.14449,15.26279,15.013974,15.12954,107180238
2012-04-17,15.15719,15.38459,15.11858,15.18234,121409373
2012-04-16,15.51684,15.53701,14.98533,15.09517,228537416
2012-04-13,16.1283,16.16416,15.53029,15.55669,327595322
2012-04-12,15.99878,16.26752,15.94673,16.21447,231127086
2012-04-11,15.79006,15.84062,15.72356,15.83963,88289696
2012-04-10,15.77886,15.80326,15.55544,15.61298,99652126
2012-04-09,15.65333,15.82394,15.57388,15.71211,87635252
2012-04-05,15.74698,15.85133,15.65557,15.74897,93095642
2012-04-04,15.90165,15.91535,15.71858,15.81946,65348026
2012-04-03,16.074997,16.13826,15.90638,16.0055065,82102591
2012-04-02,15.95943,16.12705,15.81173,16.11261,91710470
2012-03-30,16.2329,16.27624,15.96516,15.97114,92774443
2012-03-29,16.275,16.35345,16.047352,16.14972,77260510
2012-03-28,16.23988,16.40327,16.21622,16.33278,101936657
2012-03-27,16.11535,16.27649,16.059805,16.1151,80588939
2012-03-26,16.064785,16.17662,15.92879,16.17263,73040752
2012-03-23,16.10464,16.15196,15.96267,16.0047607,77898894
2012-03-22,15.90289,16.15943,15.71609,16.090937,96769361
2012-03-21,15.806,16.12431,15.7537,15.93975,99154267
2012-03-20,15.7141,15.84212,15.62319,15.77811,61850967
2012-03-19,15.51983,15.87226,15.473,15.79031,87237768
2012-03-16,15.46429,15.58932,15.44336,15.56765,122477361
2012-03-15,15.35744,15.52929,15.31335,15.47026,97769094
2012-03-14,15.31759,15.51136,15.27923,15.34224,117916329
2012-03-13,15.16192,15.38857,15.082218,15.38683,90168712
2012-03-12,14.94399,15.11833,14.92556,15.072255,67010233
2012-03-09,15.14199,15.24037,14.94399,14.95021,107224403
2012-03-08,15.19405,15.23041,15.10214,15.12182,54021731
2012-03-07,15.16939,15.22269,15.089939,15.11335,50769586
2012-03-06,15.14449,15.16341,14.79056,15.067523,127451937
2012-03-05,15.45283,15.50414,15.22742,15.29891,63970883
2012-03-02,15.49193,15.54175,15.45009,15.47325,63167885
2012-03-01,15.49841,15.58409,15.39604,15.50189,89843498
2012-02-29,15.40725,15.5816,15.33004,15.39853,125946315
2012-02-28,15.19305,15.43639,15.13527,15.40202,114330940
2012-02-27,15.10812,15.25183,15.070014,15.17587,72827958
2012-02-24,15.12705,15.23415,15.081222,15.19056,77714204
2012-02-23,15.11833,15.14174,14.9527,15.096166,82508106
2012-02-22,15.24187,15.36192,15.11111,15.14174,78974912
2012-02-21,15.040375,15.38932,15.015717,15.29268,99603946
2012-02-17,15.067772,15.13402,15.0037622,15.059553,98331193
2012-02-16,15.014223,15.16341,14.88745,15.10638,101615457
2012-02-15,15.26603,15.26603,15.0077467,15.082467,97399715
2012-02-14,15.23141,15.24287,15.062542,15.18707,72418428
2012-02-13,15.20551,15.28869,15.19355,15.24785,72924318
2012-02-10,15.14025,15.14648,15.043613,15.091185,93356617
2012-02-09,15.24336,15.30513,15.16815,15.22942,90927546
2012-02-08,15.15918,15.22668,15.062044,15.18932,73731331
2012-02-07,15.12207,15.17786,15.037635,15.1126,83997668
2012-02-06,14.8197,15.21373,14.7948,15.17039,147735682
2012-02-03,14.71136,14.87101,14.64635,14.85258,127215053
2012-02-02,14.56715,14.6055,14.49766,14.57313,96950036
2012-02-01,14.56889,14.58284,14.42443,14.46653,93175942
2012-01-31,14.52057,14.54548,14.32506,14.44859,86017210
2012-01-30,14.39729,14.44585,14.28147,14.38832,93569411
2012-01-27,14.21621,14.45382,14.1801,14.44536,145242371
2012-01-26,14.2461,14.30837,14.061046,14.14946,129531704
2012-01-25,14.38384,14.41372,14.10662,14.18408,200255805
2012-01-24,14.60326,14.63714,14.39604,14.46902,122690156
2012-01-23,14.59529,14.66154,14.52456,14.58334,137027695
2012-01-20,14.70812,14.71983,14.4882,14.59504,424637703
2012-01-19,15.96491,15.96491,15.72755,15.92954,253157352
2012-01-18,15.60725,15.79081,15.49492,15.76366,110882061
2012-01-17,15.7405,15.7405,15.58359,15.65582,76658261
2012-01-13,15.59803,15.61522,15.46852,15.5664,92637933
2012-01-12,15.72157,15.76317,15.60401,15.68222,75289148
2012-01-11,15.52929,15.67599,15.47001,15.59056,96359832
2012-01-10,15.68496,15.78583,15.36516,15.52033,176483032
2012-01-09,16.10214,16.1146,15.47275,15.50339,233776981
2012-01-06,16.41721,16.43839,16.18409,16.18982,108119746
2012-01-05,16.49144,16.53726,16.34449,16.41373,131808205
2012-01-04,16.56367,16.69368,16.45383,16.64461,114989399
2012-01-03,16.26254,16.64137,16.24835,16.57313,147611217
2011-12-30,15.99056,16.10862,15.99056,16.0872,71559220
2011-12-29,15.97736,16.014973,15.8207,16.00002861,63252199
2011-12-28,16.0087452,16.064785,15.89293,15.93278,85406931
2011-12-27,15.74224,16.052082,15.741,15.94648,64496847
2011-12-23,15.741,15.80775,15.70513,15.76939,58365953
2011-12-22,15.64013,15.73427,15.61672,15.68371,73165217
2011-12-21,15.69143,15.73652,15.41622,15.58708,100290510
2011-12-20,15.64137,15.73701,15.64112,15.7004,95886062
2011-12-19,15.64162,15.65383,15.44212,15.4877,86061375
2011-12-16,15.54972,15.67425,15.47873,15.59056,179040582
2011-12-15,15.50488,15.54175,15.40949,15.43066,96705121
2011-12-14,15.4882,15.54972,15.25507,15.39405,156733281
2011-12-13,15.6603,15.85457,15.5131,15.58234,161731947
2011-12-12,15.48894,15.59604,15.44934,15.57637,87683432
2011-12-09,15.39231,15.66952,15.36765,15.62693,111062736
2011-12-08,15.46802,15.62767,15.32506,15.34374,96885796
2011-12-07,15.48396,15.58309,15.3948,15.52655,90630437
2011-12-06,15.51659,15.65681,15.4481,15.53602,93408812
2011-12-05,15.63241,15.73851,15.50189,15.58284,128379401
2011-12-02,15.36864,15.54175,15.34897,15.45109,164040568
2011-12-01,14.94399,15.34249,14.91908,15.28695,145366836
2011-11-30,14.89293,14.93178,14.74697,14.92879,136389312
2011-11-29,14.64212,14.70389,14.47898,14.51883,73546641
2011-11-28,14.43016,14.66553,14.35868,14.64984,113580136
2011-11-25,14.076986,14.30314,13.98085,14.02244,62730250
2011-11-23,14.33004,14.45208,14.19953,14.19953,93380707
2011-11-22,14.44585,14.56964,14.3273,14.44585,96572626
2011-11-21,14.63913,14.65756,14.24884,14.46927,120501984
2011-11-18,14.9938,15.056066,14.78832,14.81646,132000924
2011-11-17,15.1943,15.25009,14.86379,14.96566,140255750
2011-11-16,15.24486,15.39978,15.20825,15.22966,104731092
2011-11-15,15.26279,15.3943,15.20551,15.35644,107441212
2011-11-14,15.14324,15.3943,15.13776,15.26777,128026081
2011-11-11,14.97637,15.24511,14.90912,15.15196,159676271
2011-11-10,15.091683,15.092181,14.73377,14.82145,115166059
2011-11-09,15.050089,15.17786,14.91061,14.96765,148996390
2011-11-08,15.16815,15.3019,15.03365,15.25133,121630197
2011-11-07,14.77761,15.16267,14.75046,15.15146,134799374
2011-11-04,14.78209,14.93751,14.75544,14.84785,113817021
2011-11-03,14.6202,14.88172,14.53851,14.88172,107192283
2011-11-02,14.5679,14.64411,14.45781,14.5659,85153986
2011-11-01,14.44834,14.58309,14.36491,14.41223,125472546
2011-10-31,14.8217,14.93626,14.73651,14.76067,102695490
2011-10-28,14.8075,15.0012722,14.80077,14.94747,100696024
2011-10-27,14.90463,15.011234,14.77711,14.91086,151778780
2011-10-26,14.68371,14.6994,14.26802,14.60301,115354763
2011-10-25,14.77213,14.81945,14.51684,14.52456,102000897
2011-10-24,14.61323,14.94324,14.60775,14.85482,137589795
2011-10-21,14.68272,14.76341,14.61273,14.70712,136148412
2011-10-20,14.49318,14.66727,14.43365,14.53726,135666613
2011-10-19,14.62867,14.74623,14.42643,14.46329,117699519
2011-10-18,14.45059,14.75868,14.3811,14.70762,152601853
2011-10-17,14.53851,14.7405,14.39604,14.50588,160928949
2011-10-14,14.93079,14.93402,14.6344,14.73676,342474886
2011-10-13,13.6994,13.92281,13.64934,13.92257,228356741
2011-10-12,13.65208,13.82892,13.56491,13.66129,127588447
2011-10-11,13.2867,13.61895,13.2867,13.52879,114563810
2011-10-10,13.080471,13.38657,13.031156,13.3791,93236167
2011-10-07,12.8725,12.96391,12.70986,12.82991,114664185
2011-10-06,12.64012,12.83265,12.51808,12.8197,137485405
2011-10-05,12.36241,12.64759,11.97437,12.57038,182043797
2011-10-04,12.205,12.539,11.97013,12.50064,166975528
2011-10-03,12.69865,12.7522,12.32879,12.34174,179646846
2011-09-30,12.95669,13.051081,12.81148,12.82792,109352349
2011-09-29,13.35096,13.38234,12.93676,13.13826,116699786
2011-09-28,13.48695,13.54971,13.14324,13.17163,90871336
2011-09-27,13.40476,13.62518,13.35121,13.43315,120887424
2011-09-26,13.13203,13.2735,12.78333,13.24759,105762945
2011-09-23,12.86578,13.11135,12.81447,13.08869,111508400
2011-09-22,13.10712,13.17013,12.80202,12.96789,176671736
2011-09-21,13.64112,13.82319,13.42119,13.42966,100948969
2011-09-20,13.68371,13.91086,13.51609,13.61472,111580670
2011-09-19,13.45831,13.69616,13.33452,13.61572,99106087
2011-09-16,13.56914,13.61995,13.52779,13.61596,141901897
2011-09-15,13.33751,13.57362,13.3141,13.51335,118875912
2011-09-14,13.26503,13.37362,13.096411,13.25208,108179971
2011-09-13,13.25033,13.29716,13.036137,13.18857,94520965
2011-09-12,12.90065,13.25008,12.88919,13.20351,107216373
2011-09-09,13.23539,13.31634,12.98109,13.072252,131242091
2011-09-08,13.29517,13.42717,13.24784,13.32406,95576908
2011-09-07,13.21173,13.34847,13.13576,13.30089,110645177
2011-09-06,12.72231,13.020197,12.71484,13.0057507,109039179
2011-09-02,13.062787,13.14872,12.96964,13.072003,96408011
2011-09-01,13.46827,13.54498,13.23091,13.26279,96982155
2011-08-31,13.56765,13.6065,13.34996,13.4735,108135806
2011-08-30,13.40451,13.52406,13.2207,13.46702,120008140
2011-08-29,13.3141,13.43589,13.28919,13.42667,93782206
2011-08-26,12.95121,13.21173,12.78059,13.12231,144391193
2011-08-25,13.20999,13.38159,12.90911,12.95245,132213719
2011-08-24,12.93477,13.20052,12.88246,13.033398,144318923
2011-08-23,12.54049,12.98657,12.42991,12.92206,174523715
2011-08-22,12.55295,12.62767,12.31708,12.40774,196971541
2011-08-19,12.43688,12.82368,12.22567,12.22717,217211120
2011-08-18,13.037881,13.073248,12.46553,12.57487,252571164
2011-08-17,13.45033,13.54149,13.2197,13.27898,163775579
2011-08-16,13.75918,13.75943,13.20799,13.42468,278616423
2011-08-15,13.78408,14.072005,13.60027,13.87873,286867234
2011-08-12,14.18433,14.20924,13.95768,14.041619,126644924
2011-08-11,13.7938,14.15943,13.65905,14.00077248,193948251
2011-08-10,13.98209,14.050336,13.64212,13.674,215589063
2011-08-09,13.97263,14.31161,13.47474,14.28172,259758001
2011-08-08,14.021942,14.17188,13.55793,13.59953,300987964
2011-08-05,14.50912,14.69492,13.99753,14.42194,238052949
2011-08-04,14.807,14.91534,14.38284,14.38408,197320845
2011-08-03,14.80127,15.018706,14.53627,14.97313,153601587
2011-08-02,15.093426,15.18483,14.73402,14.7547,128503865
2011-08-01,15.22344,15.33004,14.92356,15.1126,159238637
2011-07-29,15.049341,15.31659,15.035892,15.035892,166116320
2011-07-28,15.073252,15.34199,15.018706,15.21646,124802042
2011-07-27,15.37188,15.46578,15.062293,15.12381,157965884
2011-07-26,15.39355,15.62892,15.37288,15.50488,94067271
2011-07-25,15.27674,15.57686,15.26777,15.41671,125733520
2011-07-22,15.078233,15.42967,15.050338,15.39803,141656982
2011-07-21,14.79529,15.14473,14.7948,15.11808,139300182
2011-07-20,14.99828,15.014472,14.82817,14.82817,89446014
2011-07-19,14.84785,15.060549,14.83265,15.0074978,119144917
2011-07-18,14.75694,14.99504,14.74473,14.81796,179401931
2011-07-15,14.88172,14.95021,14.64909,14.88471,551342851
2011-07-14,13.42767,13.4994,13.11908,13.17412,266976958
2011-07-13,13.37487,13.54921,13.36192,13.40625,112026334
2011-07-12,13.15469,13.43514,13.10089,13.3004,114073981
2011-07-11,13.15519,13.34946,13.088441,13.13278,113997696
2011-07-08,13.274,13.39106,13.13253,13.25008,191523195
2011-07-07,13.47449,13.71559,13.34697,13.61397,158010049
2011-07-06,13.28769,13.41248,13.27624,13.33402,108228151
2011-07-05,13.08346,13.33502,13.08346,13.26129,154545110
2011-07-01,12.62119,12.98085,12.61223,12.97711,146013250
2011-06-30,12.50289,12.61945,12.49068,12.61223,97500090
2011-06-29,12.36714,12.45955,12.26353,12.3928,94071286
2011-06-28,12.055314,12.35893,12.055314,12.29517,109011074
2011-06-27,11.80575,12.1644,11.79579,12.024928,138304463
2011-06-24,11.97213,11.97387,11.78134,11.82767,152794573
2011-06-23,12.0082397,12.026422,11.79902,11.96067,192787918
2011-06-22,12.24037,12.26279,12.12281,12.12978,96644896
2011-06-21,12.13427,12.30239,12.072997,12.27897,111030616
2011-06-20,12.079722,12.11036,11.93601,12.069261,121598077
2011-06-17,12.60725,12.61995,12.074741,12.08022,210602442
2011-06-16,12.52331,12.61696,12.37038,12.46254,110693357
2011-06-15,12.5786,12.66129,12.46852,12.5268,83242849
2011-06-14,12.65631,12.80401,12.62742,12.66179,94011061
2011-06-13,12.70239,12.70737,12.50737,12.57113,97455925
2011-06-10,12.80401,12.86901,12.6847,12.69018,97961814
2011-06-09,12.95146,12.95146,12.84286,12.87001,67817246
2011-06-08,12.86503,12.98234,12.84635,12.93078,66383894
2011-06-07,13.023435,13.066773,12.9263,12.92729,76590006
2011-06-06,13.039624,13.12132,12.93277,12.97786,77975179
2011-06-03,13.0012684,13.14075,12.98882,13.028167,70202152
2011-06-02,13.14,13.20799,13.013223,13.1522,88510520
2011-06-01,13.1517,13.28022,13.083709,13.090932,118679178
2011-05-31,13.075988,13.17686,13.038628,13.17611,107894906
2011-05-27,12.9136,12.99604,12.8593,12.97387,70093747
2011-05-26,12.89417,13.0042572,12.82692,12.90488,85057626
2011-05-25,12.88495,13.020446,12.88296,12.94324,52259149
2011-05-24,12.96067,13.050085,12.90538,12.90812,76284867
2011-05-23,12.86677,12.95146,12.78707,12.91136,92344839
2011-05-20,13.24535,13.25008,13.029413,13.051829,93047462
2011-05-19,13.26852,13.36341,13.19355,13.23166,99118132
2011-05-18,13.18906,13.20874,13.093423,13.19579,78420843
2011-05-17,12.83763,13.23091,12.82767,13.21198,132639308
2011-05-16,13.10862,13.13253,12.86179,12.9121,118771522
2011-05-13,13.31534,13.34797,13.17686,13.18931,84664157
2011-05-12,13.33103,13.37337,13.22319,13.3263,58149143
2011-05-11,13.45308,13.53801,13.29243,13.33626,93902656
2011-05-10,13.44959,13.55992,13.38832,13.51584,82022292
2011-05-09,13.32505,13.41198,13.22792,13.3918,78240168
2011-05-06,13.40351,13.48595,13.32954,13.33253,82552271
2011-05-05,13.29666,13.43514,13.23788,13.30687,80211530
2011-05-04,13.32929,13.42468,13.27574,13.34473,84997401
2011-05-03,13.37811,13.49965,13.19131,13.29741,83572079
2011-05-02,13.59156,13.5923,13.37786,13.41372,85667905
2011-04-29,13.44959,13.55171,13.41248,13.55171,169773978
2011-04-28,13.40127,13.43091,13.30214,13.39903,80299860
2011-04-27,13.39977,13.40251,13.30886,13.3938,92280599
2011-04-26,13.11385,13.38583,13.081218,13.27076,140524754
2011-04-25,13.082215,13.1258,13.0015173,13.077233,65476506
2011-04-21,13.13801,13.15768,13.010982,13.078479,99174342
2011-04-20,13.098404,13.12132,12.98608,13.09417,122858785
2011-04-19,13.19928,13.22244,12.97387,12.98956,107766427
2011-04-18,13.11135,13.14224,12.92655,13.12182,202347616
2011-04-15,13.58134,13.5928,13.20202,13.21796,563853569
2011-04-14,14.32605,14.43215,14.24909,14.40874,219070062
2011-04-13,14.33402,14.38608,14.24037,14.3532,83086265
2011-04-12,14.32132,14.36889,14.14822,14.21198,83736694
2011-04-11,14.35121,14.39853,14.27151,14.38035,74606600
2011-04-08,14.56765,14.56765,14.39754,14.40003,76357137
2011-04-07,14.3395,14.46179,14.30115,14.44585,101639547
2011-04-06,14.25108,14.3253,14.14697,14.3009,107132058
2011-04-05,14.47275,14.48296,14.08919,14.17412,242806701
2011-04-04,14.76964,14.81298,14.52306,14.63714,82488031
2011-04-01,14.66404,14.82419,14.66404,14.73975,104919797
2011-03-31,14.52057,14.64909,14.48919,14.61422,81480268
2011-03-30,14.55494,14.58284,14.4603,14.49168,57105245
2011-03-29,14.34623,14.49293,14.27176,14.48894,64432607
2011-03-28,14.49741,14.57014,14.3141,14.33029,89068604
2011-03-25,14.61721,14.61796,14.42692,14.43938,114764559
2011-03-24,14.5811,14.65482,14.41597,14.61746,84262658
2011-03-23,14.32605,14.50688,14.2466,14.49965,72920303
2011-03-22,14.37786,14.42667,14.2593,14.3791,75758903
2011-03-21,14.20227,14.44087,14.17238,14.35868,121288923
2011-03-18,14.063287,14.14672,13.94125,13.97412,132438559
2011-03-17,14.059302,14.17188,13.96117,13.98159,116406692
2011-03-16,14.14722,14.19156,13.73053,13.87549,152509508
2011-03-15,13.88545,14.22169,13.83564,14.18583,160824559
2011-03-14,14.26653,14.40326,14.14747,14.19654,113066217
2011-03-11,14.40152,14.44585,14.27973,14.36391,121734587
2011-03-10,14.58135,14.61073,14.43215,14.45333,125592995
2011-03-09,14.71983,14.80725,14.58907,14.73901,86362499
2011-03-08,14.7679,14.89367,14.6999,14.75245,91738575
2011-03-07,14.95769,15.035892,14.6202,14.73627,139027162
2011-03-04,15.15146,15.16765,14.94897,14.95943,120891439
2011-03-03,15.10289,15.23016,15.068519,15.18209,78103658
2011-03-02,14.939,15.093426,14.82419,14.96366,81371863
2011-03-01,15.38683,15.42269,14.92655,14.96292,133426247
2011-02-28,15.19305,15.3547,15.14349,15.27773,91602065
2011-02-25,15.23938,15.31061,15.1806,15.19405,77585724
2011-02-24,15.22767,15.27001,14.97761,15.16366,108874565
2011-02-23,15.20127,15.31011,15.043613,15.22593,116017237
2011-02-22,15.44287,15.56491,15.13751,15.19828,146141730
2011-02-18,15.59156,15.72058,15.54623,15.69318,129198459
2011-02-17,15.47325,15.62269,15.44909,15.57313,59373716
2011-02-16,15.58234,15.60401,15.49442,15.54722,67612482
2011-02-15,15.62444,15.69343,15.51933,15.54548,83993653
2011-02-14,15.52531,15.68222,15.44312,15.64511,85439051
2011-02-11,15.28745,15.56665,15.26777,15.5542,103984303
2011-02-10,15.29019,15.37985,15.23191,15.35345,93725996
2011-02-09,15.36416,15.42842,15.25133,15.35495,73976246
2011-02-08,15.31584,15.4329,15.30538,15.40177,68050116
2011-02-07,15.19704,15.40202,15.17338,15.2999,72253814
2011-02-04,15.19679,15.22892,15.10862,15.21746,62264511
2011-02-03,15.1801,15.22917,15.096664,15.19679,60028160
2011-02-02,15.21796,15.30115,15.13153,15.24287,70691981
2011-02-01,15.055817,15.27649,15.021446,15.21896,110223602
2011-01-31,15.03365,15.055319,14.83315,14.95295,112616538
2011-01-28,15.41896,15.45109,14.93801,14.96864,169878368
2011-01-27,15.38957,15.43465,15.274,15.36217,81070738
2011-01-26,15.45034,15.50414,15.32456,15.35495,81829572
2011-01-25,15.14822,15.4593,15.10638,15.43988,146418764
2011-01-24,15.13253,15.25507,14.97462,15.21995,184657557
2011-01-21,15.92979,15.98334,15.22693,15.23863,357511035
2011-01-20,15.74623,15.7928,15.52406,15.61074,220254485
2011-01-19,15.99305,16.013975,15.68272,15.73477,136754676
2011-01-18,15.59305,15.98982,15.57338,15.93104,145222296
2011-01-14,15.37736,15.54847,15.36939,15.54623,94978674
2011-01-13,15.36665,15.4339,15.29666,15.35968,53560006
2011-01-12,15.42593,15.42593,15.31186,15.36416,65552790
2011-01-11,15.38508,15.41223,15.30513,15.34274,57787794
2011-01-10,15.3126,15.3273,15.15719,15.29791,63404769
2011-01-07,15.34025,15.39853,15.19629,15.35345,84363033
2011-01-06,15.20999,15.40302,15.1943,15.28023,82620526
2011-01-05,14.94573,15.20127,14.94523,15.16989,101671667
2011-01-04,15.083962,15.097909,14.94697,14.99679,73253547
2011-01-03,14.85631,15.083214,14.85631,15.05233,94962614
2010-12-31,14.86279,14.90463,14.74548,14.7938,61802787
2010-12-30,14.89417,14.97711,14.87898,14.91559,39728356
2010-12-29,14.9938,15.0040112,14.91709,14.96889,40920808
2010-12-28,14.99504,15.040375,14.89442,14.91709,42751645
2010-12-27,15.01223,15.038133,14.93153,15.0032644,48505130
2010-12-23,15.076988,15.093426,14.99455,15.049341,44598542
2010-12-22,15.043613,15.11833,15.02568,15.080724,48481040
2010-12-21,14.90837,15.061546,14.88446,15.02045,75461793
2010-12-20,14.81074,14.89118,14.66154,14.82095,79227857
2010-12-17,14.71983,14.75868,14.63689,14.71484,123946848
2010-12-16,14.7659,14.78882,14.64685,14.73751,64115423
2010-12-15,14.79953,14.85557,14.67375,14.70239,87033003
2010-12-14,14.87151,14.9014,14.75669,14.81721,65978380
2010-12-13,14.87226,15.018706,14.79679,14.80999,96299607
2010-12-10,14.77313,14.7943,14.70214,14.74996,68443585
2010-12-09,14.79156,14.8339,14.67001,14.73228,75036204
2010-12-08,14.74399,14.75768,14.53776,14.70837,70539412
2010-12-07,14.72655,14.76964,14.59529,14.62369,122144116
2010-12-06,14.46005,14.49567,14.36142,14.40501,84065923
2010-12-03,14.18309,14.35818,14.14697,14.27151,105642495
2010-12-02,14.16341,14.27973,14.080971,14.24212,102298006
2010-12-01,14.02244,14.23589,14.0074959,14.056064,150726852
2010-11-30,14.30438,14.30438,13.78109,13.84087,285763111
2010-11-29,14.67425,14.68994,14.44461,14.49841,114816754
2010-11-26,14.70638,14.76914,14.6202,14.69492,52640573
2010-11-24,14.62792,14.8593,14.62144,14.81871,96215292
2010-11-23,14.62045,14.67026,14.40102,14.52082,86828238
2010-11-22,14.63191,14.7806,14.51435,14.72531,87791837
2010-11-19,14.86927,14.89143,14.70339,14.71559,92244464
2010-11-18,14.67001,14.94349,14.65905,14.85831,103988318
2010-11-17,14.57039,14.68247,14.47997,14.53427,98066204
2010-11-16,14.76366,14.89143,14.53178,14.53851,132791878
2010-11-15,15.020699,15.043613,14.79579,14.83116,139677591
2010-11-12,15.29243,15.36491,14.97412,15.025929,136228712
2010-11-11,15.43465,15.43838,15.29791,15.37213,90803081
2010-11-10,15.49393,15.51684,15.3801,15.51385,100254375
2010-11-09,15.69119,15.71236,15.45482,15.56217,89823423
2010-11-08,15.54224,15.67848,15.52008,15.61074,84367048
2010-11-05,15.52132,15.57886,15.46977,15.56864,70892731
2010-11-04,15.55769,15.68919,15.49442,15.54847,143367369
2010-11-03,15.37985,15.4877,15.28023,15.4466,135726838
2010-11-02,15.40899,15.44212,15.30713,15.33253,80203500
2010-11-01,15.33577,15.45856,15.22319,15.31759,123946848
2010-10-29,15.36914,15.41721,15.26752,15.28521,91473585
2010-10-28,15.44336,15.46703,15.27524,15.40675,87699492
2010-10-27,15.33676,15.44212,15.25109,15.3542,90012128
2010-10-26,15.27026,15.47275,15.21871,15.40725,100892759
2010-10-25,15.33228,15.56018,15.31684,15.35495,126809538
2010-10-22,15.24087,15.3131,15.1943,15.25607,90582257
2010-10-21,15.23066,15.34249,15.093426,15.24262,117257870
2010-10-20,15.14673,15.37686,15.13079,15.14274,141532518
2010-10-19,15.16441,15.3131,15.015219,15.139,184203863
2010-10-18,14.95769,15.4344,14.95769,15.38508,284992232
2010-10-15,14.9258,14.98483,14.73477,14.9801,595214680
2010-10-14,13.5537,13.58035,13.37761,13.47275,266358649
2010-10-13,13.62393,13.63614,13.50762,13.53178,122682126
2010-10-12,13.45258,13.59878,13.39454,13.48421,150706777
2010-10-11,13.41173,13.56416,13.3791,13.4207,105445761
2010-10-08,13.26951,13.38981,13.14124,13.35868,114796679
2010-10-07,13.35519,13.37985,13.1791,13.20077,96191202
2010-10-06,13.43116,13.44834,13.19903,13.30886,110906151
2010-10-05,13.16017,13.44959,13.11459,13.4055,140809819
2010-10-04,13.074743,13.15693,12.92281,13.009985,77910939
2010-10-01,13.20052,13.21596,13.026175,13.09143,89333594
2010-09-30,13.1796,13.2471,12.92456,13.095664,130250387
2010-09-29,13.14697,13.27375,13.068765,13.14299,87213678
2010-09-28,13.2872,13.28994,12.91285,13.13004,146735949
2010-09-27,13.17188,13.37113,13.17188,13.21073,124761892
2010-09-24,12.99479,13.14647,12.90812,13.13302,134779299
2010-09-23,12.81721,12.94373,12.73477,12.78906,93043447
2010-09-22,12.77362,12.89616,12.74423,12.85183,101864387
2010-09-21,12.69442,12.95096,12.67524,12.78856,179321632
2010-09-20,12.26652,12.7126,12.25556,12.65955,176800216
2010-09-17,12.048589,12.23414,11.98458,12.20799,226509844
2010-09-16,11.95394,12.01621,11.94049,11.98159,79075287
2010-09-15,11.95394,12.0022631,11.91783,11.97113,96472251
2010-09-14,12.0052509,12.073496,11.95718,11.9659,88992319
2010-09-13,11.9776,12.063533,11.94348,12.011727,89996068
2010-09-10,11.93078,11.94996,11.83265,11.85905,79268006
2010-09-09,11.90114,11.96515,11.72057,11.86005,97588419
2010-09-08,11.58632,11.76839,11.56938,11.72057,96432101
2010-09-07,11.56914,11.6461,11.53227,11.56664,68652365
2010-09-03,11.71907,11.75295,11.64236,11.7136,101996882
2010-09-02,11.52779,11.56739,11.46478,11.53626,67620512
2010-09-01,11.33202,11.5801,11.27026,11.46527,129616018
2010-08-31,11.21073,11.32928,11.15818,11.20849,78163883
2010-08-30,11.43589,11.45108,11.26826,11.27499,49440624
2010-08-27,11.27175,11.45681,11.14946,11.42791,92842698
2010-08-26,11.35892,11.38881,11.21895,11.2324,71346425
2010-08-25,11.20799,11.40251,11.20799,11.32306,104072633
2010-08-24,11.39977,11.41646,11.2309,11.24261,110922211
2010-08-23,11.49442,11.66254,11.40052,11.55843,119895720
2010-08-20,11.65556,11.74572,11.48246,11.50737,157291365
2010-08-19,11.98034,12.017705,11.63763,11.65556,157588475
2010-08-18,12.21521,12.22592,11.99379,12.0087376,107858771
2010-08-17,12.16764,12.32132,12.10538,12.21721,75911472
2010-08-16,12.046845,12.20102,11.96764,12.094417,52395658
2010-08-13,12.17935,12.23389,12.10488,12.11335,77678069
2010-08-12,12.053321,12.32256,12.017705,12.25432,88514535
2010-08-11,12.39678,12.40351,12.24162,12.24759,89253294
2010-08-10,12.51185,12.60276,12.4177,12.54573,83270954
2010-08-09,12.50936,12.59031,12.4872,12.58657,75168699
2010-08-06,12.58782,12.59629,12.35494,12.4588,133277692
2010-08-05,12.60002,12.66752,12.54199,12.65507,97178890
2010-08-04,12.25855,12.62767,12.23041,12.61073,153071607
2010-08-03,12.21671,12.26553,12.12356,12.20002,72362219
2010-08-02,12.1791,12.28595,12.12804,12.21447,74626675
2010-07-30,11.94647,12.1385,11.93377,12.075986,86085465
2010-07-29,12.10338,12.17636,11.9385,12.079473,107421137
2010-07-28,12.32729,12.33502,12.02169,12.063533,100214225
2010-07-27,12.2187,12.39106,12.20849,12.26976,98415508
2010-07-26,12.18159,12.22293,12.076733,12.1786,80107140
2010-07-23,11.97437,12.21895,11.95544,12.20575,90915501
2010-07-22,12.035637,12.17885,12.016957,12.07499,86230004
2010-07-21,12.054816,12.097157,11.84137,11.89292,131675710
2010-07-20,11.48271,12.02966,11.472,11.99479,162787890
2010-07-19,11.48221,11.6974,11.39529,11.61098,182694226
2010-07-16,11.68421,11.72007,11.4451,11.44734,314165171
2010-07-15,12.24734,12.32132,12.021939,12.30438,195056389
2010-07-14,12.20127,12.29965,12.11609,12.23763,125187481
2010-07-13,12.011229,12.27873,11.96216,12.18433,159648166
2010-07-12,11.76515,11.94124,11.73302,11.85133,133875926
2010-07-09,11.75494,11.78732,11.5263,11.64361,173909421
2010-07-08,11.29641,11.39056,11.19952,11.37138,107156148
2010-07-07,10.91683,11.24012,10.84385,11.21297,125657235
2010-07-06,11.05855,11.14996,10.80027,10.86104,102787835
2010-07-02,10.99927,11.01571,10.8593,10.873,77730264
2010-07-01,11.090679,11.16814,10.80027,10.94622,141070793
2010-06-30,11.33153,11.40301,11.076483,11.082211,144668227
2010-06-29,11.54274,11.57038,11.23588,11.31409,140609069
2010-06-28,11.77063,11.89417,11.68147,11.75793,70756221
2010-06-25,11.88196,11.89666,11.72007,11.77287,90144622
2010-06-24,11.94672,12.023682,11.78732,11.83315,76027907
2010-06-23,12.1268,12.1268,11.90936,12.0062485,81468223
2010-06-22,12.20177,12.36864,12.097904,12.11086,89120799
2010-06-21,12.45083,12.47748,12.076983,12.16839,119787316
2010-06-18,12.51584,12.53975,12.40675,12.45407,115346733
2010-06-17,12.53925,12.59952,12.37088,12.45531,79388456
2010-06-16,12.35793,12.55295,12.35643,12.48495,91915234
2010-06-15,12.031901,12.46329,12.0094862,12.40326,171022641
2010-06-14,12.31584,12.31633,12.034641,12.034641,81921917
2010-06-11,12.017456,12.17213,11.99554,12.16689,71535130
2010-06-10,11.9644,12.16689,11.85158,12.12978,103502504
2010-06-09,12.13501,12.17636,11.75594,11.80625,109569158
2010-06-08,12.15071,12.17536,11.89392,12.074243,107806577
2010-06-07,12.42991,12.47599,12.033645,12.092674,145852650
2010-06-04,12.44635,12.68371,12.37113,12.42144,157399770
2010-06-03,12.33153,12.65257,12.32132,12.5928,146575349
2010-06-02,12.12156,12.30064,11.99155,12.28819,102012942
2010-06-01,11.9659,12.23066,11.95818,12.014218,107071833
2010-05-28,12.2725,12.29018,12.029909,12.095413,116226017
2010-05-27,12.078477,12.26179,11.98134,12.21571,112785168
2010-05-26,12.0067463,12.19828,11.83066,11.84236,139545096
2010-05-25,11.66004,11.89168,11.55693,11.88221,121148398
2010-05-24,11.97337,12.19903,11.87549,11.88445,174475535
2010-05-21,11.68271,12.079722,11.56664,11.75718,389084940
2010-05-20,12.081466,12.094168,11.80077,11.8309,197268650
2010-05-19,12.36017,12.43937,12.14797,12.31459,138344613
2010-05-18,12.70239,12.72655,12.38035,12.41272,113443627
2010-05-17,12.62219,12.66154,12.41223,12.65183,112170874
2010-05-14,12.69666,12.72705,12.35992,12.64087,165257111
2010-05-13,12.86428,13.0012684,12.7116,12.72431,133530637
2010-05-12,12.7532,12.7532,12.50313,12.58757,154649500
2010-05-11,12.84361,12.94847,12.65806,12.67873,133402157
2010-05-10,12.80127,13.021692,12.76715,12.99255,165738910
2010-05-07,12.45257,12.58582,11.98831,12.28246,204322993
2010-05-06,12.67126,12.88969,11.45706,12.4202,200753664
2010-05-05,12.47773,12.84485,12.46503,12.69641,183975008
2010-05-04,13.11385,13.11933,12.55818,12.61198,243963019
2010-05-03,13.11335,13.27325,13.077981,13.21546,74590540
2010-04-30,13.22867,13.3918,13.086947,13.093423,97781139
2010-04-29,13.28446,13.36241,13.11758,13.25033,122814620
2010-04-28,13.25282,13.32082,12.97711,13.18035,136754676
2010-04-27,13.17437,13.40799,13.13153,13.17711,154364435
2010-04-26,13.57337,13.57387,13.18085,13.24137,175407013
2010-04-23,13.63016,13.68172,13.50613,13.57387,83889263
2010-04-22,13.74847,13.76092,13.53302,13.62543,131719875
2010-04-21,13.85955,13.95395,13.75245,13.80575,96018557
2010-04-20,13.80252,13.93925,13.72505,13.82418,119542401
2010-04-19,13.66752,13.79803,13.57412,13.70115,156343827
2010-04-16,14.02244,14.16715,13.68944,13.70239,491254466
2010-04-15,14.74897,14.89019,14.65233,14.82693,271485795
2010-04-14,14.69641,14.7532,14.54573,14.67001,136618166
2010-04-13,14.2598,14.66702,14.22493,14.61447,157078570
2010-04-12,14.13078,14.29641,14.10264,14.26478,94448695
2010-04-09,14.13427,14.16615,14.047347,14.10264,82572346
2010-04-08,14.030411,14.19305,13.94897,14.13427,78191988
2010-04-07,14.12954,14.16565,13.99405,14.03589,103626969
2010-04-06,14.18334,14.21895,14.082216,14.15245,82712870
2010-04-05,14.2192,14.31833,14.17188,14.22194,76345092
2010-04-01,14.23041,14.28271,14.085952,14.1669,84423257
2010-03-31,14.073499,14.19031,14.017708,14.12506,121686407
2010-03-30,14.018206,14.13776,13.95469,14.11484,79412546
2010-03-29,14.02244,14.06528,13.96192,14.0087423,124645457
2010-03-26,14.078979,14.13178,13.94822,14.014719,108252241
2010-03-25,13.92331,14.2466,13.91435,14.019452,157825359
2010-03-24,13.58682,13.94398,13.44212,13.88122,263592319
2010-03-23,13.874,13.90563,13.4994,13.67375,220876809
2010-03-22,13.85083,14.11833,13.80525,13.88545,160792439
2010-03-19,13.94772,14.14697,13.87997,13.94772,192486794
2010-03-18,14.06528,14.15793,14.021444,14.10712,71354455
2010-03-17,14.15445,14.2329,14.053574,14.086201,133362007
2010-03-16,13.9933,14.15743,13.96665,14.077235,137774484
2010-03-15,14.1141,14.18309,13.84809,14.026924,186853758
2010-03-12,14.64859,14.65208,14.42493,14.4344,110548817
2010-03-11,14.30289,14.60052,14.3014,14.47425,169966698
2010-03-10,14.041369,14.40849,14.0027637,14.35744,227043838
2010-03-09,13.94398,14.063785,13.86055,13.95245,127540267
2010-03-08,14.066774,14.076737,13.97288,14.0094891,95813793
2010-03-05,13.98134,14.13875,13.94523,14.052577,157074555
2010-03-04,13.61148,13.85133,13.60401,13.81298,127829347
2010-03-03,13.50837,13.65183,13.43091,13.58209,124039193
2010-03-02,13.33701,13.59056,13.3253,13.47599,174925214
2010-03-01,13.1806,13.28246,13.14423,13.26752,89851528
2010-02-26,13.13626,13.24411,13.03813,13.12082,82279251
2010-02-25,13.12879,13.16291,12.95146,13.1116,132864148
2010-02-24,13.29965,13.41073,13.21322,13.23713,93412827
2010-02-23,13.52431,13.54,13.25756,13.3268,115334688
2010-02-22,13.63265,13.63639,13.47449,13.51933,86105539
2010-02-19,13.46279,13.54996,13.44212,13.46852,102506786
2010-02-18,13.38832,13.57437,13.35345,13.52979,93826371
2010-02-17,13.4994,13.53427,13.39006,13.40501,81492313
2010-02-16,13.37163,13.55245,13.30762,13.48197,146723904
2010-02-12,13.27449,13.3786,13.21297,13.27823,91529795
2010-02-11,13.28321,13.46179,13.18807,13.35992,96761331
2010-02-10,13.30189,13.39454,13.14299,13.31136,107380987
2010-02-09,13.43813,13.48769,13.3268,13.36092,113206742
2010-02-08,13.26279,13.4994,13.23863,13.28695,108175956
2010-02-05,13.16067,13.28769,13.012725,13.23265,126713179
2010-02-04,13.37487,13.39977,13.089936,13.12032,135614418
2010-02-03,13.16739,13.50189,13.15644,13.47001,120413655
2010-02-02,13.32406,13.32406,13.14099,13.22842,164462143
2010-02-01,13.31509,13.34523,13.20799,13.27574,90369462
2010-01-29,13.41198,13.47425,13.091181,13.19903,166240784
2010-01-28,13.56142,13.62393,13.21546,13.30737,129648138
2010-01-27,13.48122,13.64012,13.33278,13.50189,159170382
2010-01-26,13.39903,13.68869,13.35718,13.50986,174873019
2010-01-25,13.61372,13.69567,13.33776,13.44959,177458675
2010-01-22,14.0598,14.21173,13.32157,13.6989,273035583
2010-01-21,14.53153,14.61572,14.25283,14.52007,253253712
2010-01-20,14.5948,14.5948,14.32854,14.45607,130515377
2010-01-19,14.47574,14.70538,14.35345,14.63564,173315202
2010-01-15,14.77811,14.78359,14.39704,14.44585,218194794
2010-01-14,14.54299,14.79953,14.51584,14.69118,170239717
2010-01-13,14.35843,14.65457,14.29392,14.62244,260838034
2010-01-12,14.88546,14.89816,14.64511,14.70687,194859654
2010-01-11,15.05507,15.05507,14.79554,14.97163,289597429
2010-01-08,14.74473,15.024933,14.67275,14.9943,189680313
2010-01-07,15.17811,15.19305,14.76092,14.79704,257533695
2010-01-06,15.58807,15.58807,15.10239,15.14972,159744526
2010-01-05,15.62095,15.63739,15.48048,15.5415,120638494
2010-01-04,15.61522,15.67898,15.54772,15.61024,78541293
2009-12-31,15.56043,15.57662,15.44162,15.44162,48974884
2009-12-30,15.40476,15.51011,15.39256,15.51011,58843737
2009-12-29,15.56018,15.56267,15.39953,15.42717,57205620
2009-12-28,15.48346,15.59131,15.40426,15.5136,68170566
2009-12-24,15.26603,15.43016,15.24959,15.40426,34476745
2009-12-23,15.03116,15.26453,15.01497,15.2349,83218760
2009-12-22,14.97736,14.98135,14.91534,14.97188,75513988
2009-12-21,14.88446,14.94,14.83614,14.91111,103233500
2009-12-18,14.84511,14.91734,14.81945,14.85482,141789477
2009-12-17,14.85532,14.88521,14.78857,14.79305,105947635
2009-12-16,14.90912,14.9532,14.8603,14.8882,112797213
2009-12-15,14.77711,14.85382,14.71958,14.77313,91557900
2009-12-14,14.82817,14.87699,14.75993,14.83764,76822876
2009-12-11,14.81148,14.81323,14.63838,14.70762,69057879
2009-12-10,14.70588,14.81223,14.70513,14.73228,66982128
2009-12-09,14.63265,14.67823,14.53502,14.67051,71507025
2009-12-08,14.53303,14.71136,14.49567,14.62144,61188493
2009-12-07,14.55071,14.66229,14.47076,14.60152,65693315
2009-12-04,14.77014,14.81522,14.42543,14.57064,100920864
2009-12-03,14.67101,14.73103,14.57039,14.58882,57362205
2009-12-02,14.71983,14.76989,14.60077,14.6329,66777363
2009-12-01,14.64834,14.72531,14.52057,14.69168,93159882
2009-11-30,14.46154,14.53726,14.37387,14.52057,69262644
2009-11-27,14.2466,14.50712,14.22095,14.43988,55591593
2009-11-25,14.6055,14.62169,14.51285,14.58882,58667077
2009-11-24,14.50862,14.5527,14.35968,14.52281,64448667
2009-11-23,14.35843,14.61024,14.34274,14.50438,102281946
2009-11-20,14.18433,14.23664,14.18184,14.19579,80548789
2009-11-19,14.29068,14.29641,14.19679,14.27126,87045048
2009-11-18,14.36242,14.41547,14.24834,14.36242,62216331
2009-11-17,14.31808,14.38359,14.28944,14.38334,76955370
2009-11-16,14.32132,14.37088,14.26603,14.3532,88297726
2009-11-13,14.1791,14.2593,14.11235,14.24785,66921903
2009-11-12,14.18583,14.26902,14.084707,14.14324,75734813
2009-11-11,14.20874,14.28396,14.093673,14.21074,93135792
2009-11-10,14.015716,14.1664,13.99753,14.11609,89566463
2009-11-09,13.8344,14.01198,13.80401,14.010236,106393299
2009-11-06,13.64187,13.74299,13.58657,13.72605,73341877
2009-11-05,13.53651,13.69293,13.51584,13.66503,74185025
2009-11-04,13.46951,13.58657,13.36042,13.45781,93657741
2009-11-03,13.20077,13.38732,13.15818,13.38209,95564863
2009-11-02,13.37686,13.43614,13.15669,13.2999,128564090
2009-10-30,13.69865,13.70289,13.30612,13.35295,139260032
2009-10-29,13.52456,13.74423,13.47449,13.72481,101282213
2009-10-28,13.6456,13.69865,13.406,13.45706,103096990
2009-10-27,13.72281,13.81223,13.5532,13.65606,129142249
2009-10-26,13.84187,13.98857,13.72082,13.80351,119261352
2009-10-23,13.82941,13.89517,13.72854,13.79056,96066737
2009-10-22,13.69865,13.82319,13.64884,13.80052,93810311
2009-10-21,13.69641,13.93153,13.67375,13.72605,147374332
2009-10-20,13.7395,13.77213,13.46702,13.74149,162354271
2009-10-19,13.76565,13.78832,13.66702,13.75071,129198459
2009-10-16,13.63215,13.81696,13.56242,13.69492,355001664
2009-10-15,13.29392,13.37238,13.13253,13.19828,244930632
2009-10-14,13.26179,13.3395,13.20052,13.33302,130824531
2009-10-13,13.060795,13.13726,12.98583,13.10363,121951397
2009-10-12,13.036635,13.094917,12.93452,13.052078,133386097
2009-10-09,12.86802,12.98906,12.81447,12.85806,109934523
2009-10-08,12.94075,13.032401,12.78558,12.8065,172797268
2009-10-07,12.42842,12.9263,12.39878,12.89018,195698788
2009-10-06,12.2466,12.43763,12.2466,12.42194,109701653
2009-10-05,12.14573,12.26478,12.038377,12.16739,86105539
2009-10-02,12.04834,12.24759,12.019946,12.069261,104421937
2009-10-01,12.27897,12.3654,12.12954,12.13452,112949783
2009-09-30,12.45332,12.45681,12.13551,12.34996,126139035
2009-09-29,12.44162,12.44709,12.27922,12.41671,84282733
2009-09-28,12.3248,12.49068,12.28645,12.41671,73847766
2009-09-25,12.3111,12.45158,12.25407,12.26602,82291296
2009-09-24,12.46503,12.48844,12.27897,12.37287,101482963
2009-09-23,12.47275,12.62767,12.39629,12.41497,108573440
2009-09-22,12.47624,12.50289,12.39878,12.42991,122103967
2009-09-21,12.14797,12.42593,12.11011,12.3786,84973311
2009-09-18,12.37287,12.3781,12.23489,12.24062,131832295
2009-09-17,12.21845,12.38782,12.13327,12.2471,179996150
2009-09-16,11.95021,12.18856,11.91733,12.16166,103799614
2009-09-15,11.83265,11.92804,11.77362,11.89392,96283547
2009-09-14,11.71883,11.87549,11.70737,11.83364,79324216
2009-09-11,11.71609,11.78831,11.64709,11.75942,76401301
2009-09-10,11.62269,11.72954,11.50687,11.72954,101764012
2009-09-09,11.43364,11.61322,11.42717,11.55594,88145156
2009-09-08,11.56391,11.63115,11.35345,11.42268,106666319
2009-09-04,11.39653,11.52181,11.35195,11.48944,60192775
2009-09-03,11.35295,11.41347,11.33252,11.39529,66094814
2009-09-02,11.35295,11.41546,11.2725,11.28296,72462593
2009-09-01,11.44909,11.62692,11.31808,11.35145,104185053
2009-08-31,11.45183,11.50338,11.40724,11.49865,78609548
2009-08-28,11.68769,11.76515,11.54124,11.57536,71129616
2009-08-27,11.67076,11.67076,11.47524,11.60799,80255695
2009-08-26,11.77487,11.78084,11.62393,11.65631,79810030
2009-08-25,11.68445,11.81447,11.67424,11.74024,93990986
2009-08-24,11.64012,11.70836,11.56714,11.67449,98503838
2009-08-21,11.59504,11.60874,11.52306,11.58757,142953825
2009-08-20,11.2578,11.51135,11.23862,11.46727,160555554
2009-08-19,10.95867,11.083456,10.92306,11.057803,90538092
2009-08-18,11.085947,11.1507,11.016707,11.09043,94396500
2009-08-17,11.24535,11.25755,11.036632,11.080717,105200846
2009-08-14,11.5263,11.53626,11.3796,11.45706,67255147
2009-08-13,11.5106,11.57461,11.42991,11.51384,80107140
2009-08-12,11.34274,11.50064,11.33053,11.42169,94007046
2009-08-11,11.2994,11.38807,11.26727,11.30612,68756755
2009-08-10,11.33601,11.41745,11.30239,11.37262,69941178
2009-08-07,11.34921,11.44261,11.33227,11.38483,102105287
2009-08-06,11.31509,11.32953,11.17138,11.21696,84752487
2009-08-05,11.35743,11.38009,11.15519,11.23638,94031136
2009-08-04,11.1923,11.30762,11.16889,11.30089,95950302
2009-08-03,11.17661,11.30513,11.14921,11.26303,104000363
2009-07-31,11.20749,11.27524,11.019446,11.034889,114844859
2009-07-30,11.02393,11.2446,11.02393,11.099397,128423566
2009-07-29,10.88993,10.90413,10.75693,10.86527,79777911
2009-07-28,10.98383,11.028911,10.86179,10.95519,101679697
2009-07-27,11.10936,11.12704,10.8994,11.078475,100551484
2009-07-24,10.85456,11.22019,10.83439,11.1263,145619780
2009-07-23,10.67698,10.98906,10.59778,10.89267,139649486
2009-07-22,10.66004,10.71484,10.54796,10.65232,103855823
2009-07-21,10.73327,10.75718,10.60326,10.65755,119173022
2009-07-20,10.70687,10.78084,10.61646,10.71409,126612804
2009-07-17,10.78458,10.84634,10.62766,10.71608,275191634
2009-07-16,10.87623,11.10214,10.81197,11.023681,263162715
2009-07-15,10.70139,10.92605,10.67225,10.91334,151646285
2009-07-14,10.55319,10.62841,10.48246,10.5776,116266167
2009-07-13,10.3654,10.57337,10.34074,10.56789,162434571
2009-07-10,10.20126,10.39529,10.17935,10.32131,117502785
2009-07-09,10.11509,10.32256,10.10712,10.22144,131515110
2009-07-08,9.96266,10.1121,9.91434,10.024675,138163938
2009-07-07,10.16789,10.19155,9.86253,9.87872,130860666
2009-07-06,10.12455,10.22766,10.0040026,10.20201,90843231
2009-07-02,10.34647,10.34647,10.13227,10.17412,101081463
2009-07-01,10.5654,10.62019,10.41471,10.43563,92778458
2009-06-30,10.56042,10.64037,10.41646,10.50039,104144903
2009-06-29,10.61023,10.65506,10.51658,10.5639,87097243
2009-06-26,10.30338,10.66577,10.28918,10.59329,130756276
2009-06-25,10.137,10.35867,10.1248,10.35544,122236461
2009-06-24,10.18034,10.26727,10.12605,10.19404,98680498
2009-06-23,10.12829,10.18657,10.026169,10.10413,116418737
2009-06-22,10.38482,10.39828,10.0097313,10.14572,165594371
2009-06-19,10.41621,10.47225,10.3258,10.46303,171002566
2009-06-18,10.35319,10.42816,10.28644,10.31285,123870563
2009-06-17,10.3659,10.45382,10.25058,10.34024,140127270
2009-06-16,10.44361,10.48794,10.34672,10.36116,122445241
2009-06-15,10.49815,10.49815,10.31135,10.38034,150036273
2009-06-12,10.63165,10.65257,10.49093,10.58134,117173555
2009-06-11,10.75394,10.80276,10.66926,10.68495,115037579
2009-06-10,10.86502,10.90637,10.62692,10.77461,134859599
2009-06-09,10.92356,10.97138,10.75369,10.84983,130684007
2009-06-08,10.94647,10.98184,10.81247,10.92829,124412588
2009-06-05,11.0852,11.14174,10.94547,11.06652,147783862
2009-06-04,10.84186,10.98981,10.82194,10.9659,146069460
2009-06-03,10.61023,10.77113,10.56042,10.75095,141841672
2009-06-02,10.61646,10.70886,10.54547,10.67001,105337356
2009-06-01,10.42916,10.69989,10.42418,10.62418,133394127
2009-05-29,10.26428,10.3918,10.22916,10.3918,106325044
2009-05-28,10.17885,10.25207,10.077477,10.22169,107152133
2009-05-27,10.10313,10.25805,10.082458,10.10114,121826932
2009-05-26,9.76216,10.087191,9.71359,10.07125,124645457
2009-05-22,9.87947,9.92903,9.7634,9.80076,69001669
2009-05-21,9.8705,10.033392,9.80923,9.87548,109199779
2009-05-20,10.014712,10.10388,9.83812,9.89242,91702440
2009-05-19,9.86552,10.0035038,9.78831,9.93476,113925426
2009-05-18,9.8314,9.89566,9.59902,9.88395,134570520
2009-05-15,9.74099,9.81596,9.69093,9.71359,120799094
2009-05-14,9.6837,9.76863,9.58134,9.65132,117920344
2009-05-13,9.81546,9.87274,9.67249,9.70213,114138220
2009-05-12,10.21197,10.23638,9.84086,9.938,152200354
2009-05-11,10.032396,10.26154,9.99255,10.16141,102755715
2009-05-08,10.033641,10.21496,9.83812,10.14522,155183494
2009-05-07,10.064775,10.086942,9.77586,9.87822,120441759
2009-05-06,10.13177,10.16889,9.98756,10.049084,105710750
2009-05-05,9.96216,10.087191,9.89416,10.037128,96391952
2009-05-04,9.91708,10.022433,9.83289,10.011973,128600225
2009-05-01,9.83887,9.90263,9.7522,9.8055,97471985
2009-04-30,9.85705,10.056057,9.83314,9.86228,174881049
2009-04-29,9.61322,9.83738,9.60973,9.7502,144941247
2009-04-28,9.55793,9.68993,9.50288,9.55693,118185333
2009-04-27,9.57262,9.70089,9.53302,9.61272,91967429
2009-04-24,9.61521,9.79279,9.47698,9.70089,135923572
2009-04-23,9.65157,9.70736,9.49217,9.58134,104751167
2009-04-22,9.50811,9.71359,9.43987,9.56066,140597024
2009-04-21,9.36913,9.57162,9.36739,9.50114,148370051
2009-04-20,9.6177,9.72978,9.36216,9.44709,177820024
2009-04-17,9.61446,9.95817,9.58433,9.76938,430840867
2009-04-16,9.50189,9.78582,9.48993,9.68221,408931050
2009-04-15,9.14323,9.49093,9.070003,9.45207,197967259
2009-04-14,9.38831,9.38956,9.10587,9.18831,137658049
2009-04-13,9.24858,9.44211,9.22293,9.41745,122461301
2009-04-09,9.203,9.3238,9.12206,9.27773,135811153
2009-04-08,9.053565,9.090925,8.872,9.016205,111022586
2009-04-07,9.031149,9.059792,8.84958,8.93277,147755757
2009-04-06,9.14074,9.21097,9.0012608,9.17162,131703815
2009-04-03,9.078472,9.2583,8.91658,9.20998,152160204
2009-04-02,9.048833,9.20948,8.97436,9.028658,180192885
2009-04-01,8.56241,8.84784,8.48345,8.81919,132542948
2009-03-31,8.69067,8.80475,8.62218,8.66901,146760038
2009-03-30,8.53177,8.56315,8.36988,8.53526,124227898
2009-03-27,8.71733,8.76714,8.6045,8.66004,133410187
2009-03-26,8.79528,8.94547,8.67997,8.79927,241032074
2009-03-25,8.72729,8.7507,8.37486,8.56963,174102141
2009-03-24,8.63015,8.81297,8.56789,8.64684,153372732
2009-03-23,8.30786,8.70363,8.29466,8.68246,171500425
2009-03-20,8.22666,8.29366,8.12803,8.22318,190226352
2009-03-19,8.26104,8.36863,8.15394,8.2177,165064391
2009-03-18,8.33899,8.46826,8.17062,8.2964,201239478
2009-03-17,7.97461,8.35219,7.94746,8.35219,189206544
2009-03-16,8.11932,8.21247,7.93501,7.96241,198613673
2009-03-13,8.12206,8.15593,7.94597,8.080213,156841686
2009-03-12,7.90886,8.094659,7.81197,8.058046,201717262
2009-03-11,7.72355,7.97013,7.61421,7.91807,237832124
2009-03-10,7.42841,7.73351,7.32878,7.67548,270217058
2009-03-09,7.4715,7.63563,7.20923,7.24509,259822241
2009-03-06,7.65182,7.72579,7.32878,7.68544,290452622
2009-03-05,7.88245,7.94721,7.53775,7.61247,262175027
2009-03-04,8.048831,8.19429,7.85506,7.94323,313908211
2009-03-03,8.22094,8.3111,8.028657,8.10661,261970262
2009-03-02,8.30213,8.48569,8.11957,8.14846,232407869
2009-02-27,8.29267,8.5634,8.24684,8.4182,217612620
2009-02-26,8.6167,8.77934,8.39752,8.39802,225064447
2009-02-25,8.52181,8.77461,8.44136,8.50911,258529413
2009-02-24,8.2446,8.70786,8.24136,8.604,244749957
2009-02-23,8.6426,8.71234,8.20798,8.22069,209626799
2009-02-20,8.41969,8.69043,8.34373,8.62891,249616129
2009-02-19,8.90338,8.96141,8.50338,8.53401,200295955
2009-02-18,8.64858,8.80151,8.48121,8.79478,241883252
2009-02-17,8.6304,8.64485,8.46054,8.53451,228067661
2009-02-13,9.020937,9.040863,8.84759,8.90861,166489714
2009-02-12,8.79603,9.056554,8.75419,9.042357,222844155
2009-02-11,8.94024,9.090925,8.79204,8.91757,210048373
2009-02-10,9.3644,9.40226,8.91384,8.92928,285213056
2009-02-09,9.24734,9.48943,9.14821,9.43389,199838246
2009-02-06,8.87822,9.31035,8.85282,9.24734,282579221
2009-02-05,8.49092,8.85132,8.39354,8.80998,291665150
2009-02-04,8.47,8.82791,8.44759,8.54298,273718132
2009-02-03,8.53227,8.54298,8.31458,8.47947,263243015
2009-02-02,8.32604,8.59279,8.26901,8.48246,209056670
2009-01-30,8.58507,8.68744,8.36863,8.43165,187580472
2009-01-29,8.58134,8.59404,8.471,8.55095,292444059
2009-01-28,8.41795,8.77536,8.37635,8.6842,308809170
2009-01-27,8.13077,8.31558,8.076477,8.25605,197830749
2009-01-26,8.090923,8.16938,7.98407,8.066515,185119281
2009-01-23,7.70288,8.26801,7.5771,8.087187,430921167
2009-01-22,7.42318,7.70487,7.3512,7.63389,331919470
2009-01-21,7.18183,7.55917,7.18183,7.54871,197718329
2009-01-20,7.45057,7.45954,7.042354,7.042354,202684876
2009-01-16,7.59702,7.67747,7.36489,7.46377,209759293
2009-01-15,7.41147,7.56116,7.14298,7.44684,238269759
2009-01-14,7.72106,7.8157,7.41595,7.49615,219535801
2009-01-13,7.76514,7.98507,7.73077,7.82866,177964564
2009-01-12,7.87822,7.94397,7.72679,7.78806,132667413
2009-01-09,8.15693,8.15693,7.80574,7.84734,174270770
2009-01-08,7.92729,8.099391,7.90387,8.099391,144567852
2009-01-07,8.17735,8.24186,7.93899,8.020188,180453860
2009-01-06,8.29341,8.48818,8.12928,8.32031,257971329
2009-01-05,7.99503,8.25008,7.84559,8.17062,196293007
2009-01-02,7.68619,8.015456,7.60898,8.0030031,144961322
2008-12-31,7.5766,7.74597,7.537,7.66253,115904817
2008-12-30,7.49192,7.64161,7.43986,7.54945,154316255
2008-12-29,7.47747,7.50636,7.26228,7.40773,148631025
2008-12-26,7.57336,7.603,7.4299,7.48096,78657728
2008-12-24,7.50885,7.6299,7.43164,7.54547,77148090
2008-12-23,7.4827,7.55443,7.38905,7.42268,151674390
2008-12-22,7.68519,7.70861,7.23862,7.40001,157291365
2008-12-19,7.74572,7.91508,7.69615,7.72529,225345496
2008-12-18,7.88793,7.97884,7.69889,7.72803,191254191
2008-12-17,7.93625,8.023177,7.78133,7.85157,232456049
2008-12-16,7.83364,8.20674,7.75269,8.10163,283442445
2008-12-15,7.82093,7.93252,7.59927,7.73775,270526212
2008-12-12,7.36514,7.88221,7.32255,7.86452,229741913
2008-12-11,7.57585,7.79279,7.4172,7.47747,248094446
2008-12-10,7.70213,7.8431,7.58432,7.69167,210265182
2008-12-09,7.41446,7.92031,7.39752,7.62069,276629001
2008-12-08,7.22268,7.70711,7.023674,7.52455,326993073
2008-12-05,6.7502,7.079464,6.57585,7.073238,261825722
2008-12-04,6.88743,7.060784,6.69416,6.83289,196196647
2008-12-03,6.72106,7.0077329,6.60873,6.95966,237077306
2008-12-02,6.71807,6.91857,6.53999,6.85207,234463545
2008-12-01,7.14024,7.15767,6.62467,6.62492,229304279
2008-11-28,7.23737,7.38357,7.18009,7.29665,103004645
2008-11-26,6.98083,7.35892,6.87921,7.27498,255217044
2008-11-25,6.69192,7.13974,6.65804,7.024919,432462924
2008-11-24,6.70636,6.72355,6.202,6.41197,403695499
2008-11-21,6.53824,6.7091,6.15941,6.53625,411315956
2008-11-20,6.84659,7.047086,6.45182,6.46477,392642224
2008-11-19,7.35717,7.47673,6.93849,6.97834,314558640
2008-11-18,7.5111,7.5649,7.10711,7.40773,335095329
2008-11-17,7.54671,7.72505,7.42094,7.47498,302883041
2008-11-14,7.55294,8.09441,7.53575,7.72156,382110897
2008-11-13,7.26701,7.79578,6.97386,7.77286,531372276
2008-11-12,7.52305,7.78308,7.16714,7.24783,403550960
2008-11-11,7.68843,7.87797,7.48494,7.75742,407385278
2008-11-10,8.16938,8.20525,7.70786,7.93974,324415448
2008-11-07,8.2969,8.4969,8.10288,8.24759,187953866
2008-11-06,8.46751,8.57835,8.11483,8.24958,344277618
2008-11-05,9.019941,9.18756,8.50089,8.52405,278901487
2008-11-04,8.803,9.27424,8.60524,9.13924,295097969
2008-11-03,8.90612,9.040863,8.50387,8.6299,239072757
2008-10-31,8.87075,9.26427,8.82368,8.95045,298044974
2008-10-30,9.1771,9.26527,8.92579,8.95867,320753774
2008-10-29,9.1106,9.24037,8.77635,8.91658,391726805
2008-10-28,8.4446,9.19827,8.18208,9.18433,325431241
2008-10-27,8.33899,8.54298,8.1096,8.20649,248957670
2008-10-24,8.13127,8.72903,8.088184,8.45057,295463334
2008-10-23,8.80824,8.91658,8.4182,8.77511,260127380
2008-10-22,8.89142,9.20774,8.56789,8.85855,263383540
2008-10-21,9.27499,9.55867,9.016205,9.034885,232146894
2008-10-20,9.4583,9.48893,8.95618,9.44759,271148536
2008-10-17,9.43862,9.61397,9.05481,9.27872,572104380
2008-10-16,8.28794,8.87922,7.70711,8.79254,652022815
2008-10-15,8.83314,8.94149,8.43912,8.44759,269863738
2008-10-14,9.80151,9.82567,8.89167,9.033889,312559174
2008-10-13,8.86154,9.51309,8.61147,9.48993,357555200
2008-10-10,7.79977,8.51533,7.72853,8.26901,425500926
2008-10-09,8.58084,8.68171,8.01172,8.19379,324210683
2008-10-08,8.22318,8.94124,8.12231,8.42118,474829130
2008-10-07,9.2984,9.33949,8.60201,8.61795,443833384
2008-10-06,9.31459,9.36465,8.89566,9.24559,450506303
2008-10-03,9.89666,10.27399,9.54099,9.63663,320914374
2008-10-02,10.20649,10.21123,9.61397,9.72579,240293315
2008-10-01,10.24037,10.38557,10.039868,10.25456,250326782
2008-09-30,9.86253,10.58732,9.77137,9.97561,123914728
2008-09-29,10.44859,10.54821,9.48221,9.48943,432129680
2008-09-26,10.66004,10.88819,10.48644,10.73576,212493504
2008-09-25,10.93003,11.20799,10.8588,10.94896,201564693
2008-09-24,10.71832,11.083456,10.7126,10.83713,170316002
2008-09-23,10.7908,10.9786,10.60326,10.69168,208948265
2008-09-22,11.31085,11.31085,10.68495,10.71334,176952786
2008-09-19,11.48196,11.50861,11.040617,11.18682,401740198
2008-09-18,10.52654,10.9385,10.22418,10.93601,344863807
2008-09-17,10.92107,10.9375,10.2974,10.32355,366444394
2008-09-16,10.60923,11.19006,10.59753,11.0319,280676114
2008-09-15,10.56042,11.0079889,10.55319,10.806,263680649
2008-09-12,10.71509,11.0084867,10.68495,10.90064,242023777
2008-09-11,10.17063,10.83663,10.12156,10.80326,259826256
2008-09-10,10.57212,10.57237,10.20375,10.31534,250005583
2008-09-09,10.53974,10.76914,10.33626,10.42741,290267933
2008-09-08,11.2583,11.28121,10.39977,10.45955,362068052
2008-09-05,11.095661,11.26926,10.96092,11.064777,182051827
2008-09-04,11.45706,11.53775,11.19305,11.21447,194666935
2008-09-03,11.67449,11.81297,11.4466,11.56689,173230887
2008-09-02,11.87474,12.0094862,11.49242,11.58782,245376296
2008-08-29,11.6999,11.73128,11.51509,11.539,154504960
2008-08-28,11.76814,11.86677,11.71434,11.80027,121642242
2008-08-27,11.79902,11.82642,11.5776,11.67076,176141757
2008-08-26,12.041366,12.041366,11.72082,11.80973,132823998
2008-08-25,12.10737,12.3786,11.99255,12.030158,80874004
2008-08-22,12.24162,12.3258,12.1913,12.21895,92232419
2008-08-21,12.027916,12.20177,11.93701,12.11783,141090868
2008-08-20,12.32181,12.37088,12.019199,12.079722,159881036
2008-08-19,12.21496,12.41048,12.12032,12.21671,122316761
2008-08-18,12.6984,12.70239,12.34149,12.41098,133855851
2008-08-15,12.62742,12.71883,12.59031,12.70612,142359606
2008-08-14,12.39604,12.64286,12.36092,12.59006,117181585
2008-08-13,12.49317,12.54149,12.30089,12.45407,145563571
2008-08-12,12.50313,12.606,12.40351,12.51833,110641162
2008-08-11,12.26577,12.67449,12.24859,12.47424,170207597
2008-08-08,11.95893,12.34747,11.84784,12.32904,150132633
2008-08-07,12.005002,12.054816,11.86577,11.93327,111367875
2008-08-06,11.91459,12.19853,11.76864,12.1131,135538133
2008-08-05,11.6461,11.95718,11.61471,11.95145,143917423
2008-08-04,11.6593,11.78109,11.50438,11.53178,99852875
2008-08-01,11.76864,11.78632,11.51932,11.65282,120766974
2008-07-31,11.8197,11.97736,11.74199,11.79952,115033564
2008-07-30,12.092176,12.10513,11.77611,12.022437,140151360
2008-07-29,11.93775,12.13601,11.90538,12.032649,112532223
2008-07-28,12.25631,12.25631,11.83389,11.88346,126873778
2008-07-25,12.11683,12.28221,11.99255,12.25357,127817302
2008-07-24,12.37113,12.37536,11.8461,11.8461,142166886
2008-07-23,11.99529,12.38433,11.90787,12.18483,196497772
2008-07-22,11.62443,11.96142,11.59653,11.88321,188363396
2008-07-21,11.97711,12.057057,11.59902,11.67624,236944811
2008-07-18,12.41223,12.42792,11.91011,11.98807,453389067
2008-07-17,13.30413,13.37611,13.063535,13.2862,352813493
2008-07-16,12.80301,13.36241,12.71733,13.34,190398997
2008-07-15,12.8588,13.13826,12.48072,12.85407,243750224
2008-07-14,13.42468,13.45108,12.83813,12.9918,177655409
2008-07-11,13.36241,13.43713,12.93726,13.29517,200002860
2008-07-10,13.57412,13.6862,13.21845,13.46378,173917451
2008-07-09,13.71758,13.84012,13.46777,13.48819,166782808
2008-07-08,13.59878,13.82792,13.44959,13.81148,198035514
2008-07-07,13.50687,13.67375,13.34,13.54697,170845981
2008-07-03,13.22244,13.43041,13.13826,13.37487,96379907
2008-07-02,13.36266,13.45905,13.10239,13.1268,169553154
2008-07-01,12.94099,13.36789,12.87673,13.31833,199139637
2008-06-30,13.26204,13.39977,13.027669,13.11135,151176531
2008-06-27,13.14274,13.20052,12.82916,13.15245,218716743
2008-06-26,13.55171,13.57238,13.15718,13.17113,227228528
2008-06-25,13.57337,13.89293,13.54099,13.72356,165506041
2008-06-24,13.57761,13.72829,13.32755,13.50687,187604562
2008-06-23,13.58309,13.77711,13.4999,13.57935,145981130
2008-06-20,13.8725,13.8725,13.56192,13.60974,240221045
2008-06-19,13.83191,14.041868,13.71883,13.9527,228176066
2008-06-18,14.060049,14.17163,13.9268,14.0069981,135754943
2008-06-17,14.35494,14.39778,14.15644,14.18334,139035192
2008-06-16,14.10961,14.42344,14.10961,14.26678,142243171
2008-06-13,13.98483,14.33875,13.9811,14.2344,248303226
2008-06-12,13.66777,13.89791,13.62094,13.77213,220487355
2008-06-11,13.85407,13.88147,13.56067,13.5791,153087667
2008-06-10,13.68769,13.91833,13.61845,13.80252,146844353
2008-06-09,14.14847,14.19679,13.58408,13.89467,212324874
2008-06-06,14.43963,14.46379,14.12207,14.12207,190089843
2008-06-05,14.37313,14.6461,14.35146,14.60277,157255230
2008-06-04,14.080473,14.39604,14.061046,14.25208,135032244
2008-06-03,14.35868,14.45831,13.96291,14.12954,172857493
2008-06-02,14.50812,14.54274,14.22842,14.32132,147518872
2008-05-30,14.53228,14.69293,14.47823,14.59031,129491554
2008-05-29,14.31609,14.5923,14.27649,14.52057,194526410
2008-05-28,14.14548,14.2339,13.97512,14.15295,162623276
2008-05-27,13.57312,14.012478,13.54548,13.97014,155199554
2008-05-23,13.62294,13.77337,13.39504,13.56466,177924414
2008-05-22,13.74722,13.80351,13.45581,13.6852,203813089
2008-05-21,14.40899,14.48097,13.6461,13.69841,259693761
2008-05-20,14.31211,14.50762,14.26927,14.41098,133040807
2008-05-19,14.40974,14.66702,14.28446,14.38408,225020282
2008-05-16,14.48147,14.56242,14.40401,14.4476,171604815
2008-05-15,14.42095,14.51933,14.33651,14.47076,174359100
2008-05-14,14.6075,14.72456,14.32755,14.3537,175688063
2008-05-13,14.60102,14.64386,14.40974,14.52057,207314163
2008-05-12,14.31509,14.61397,14.16964,14.56889,195285244
2008-05-09,14.42095,14.57039,14.22917,14.27649,180068420
2008-05-08,14.60028,14.67749,14.4187,14.52082,205684075
2008-05-07,14.70164,14.93128,14.35694,14.42095,265511486
2008-05-06,14.71983,14.74473,14.52057,14.60426,185866070
2008-05-05,14.91559,14.91908,14.62344,14.81696,252181709
2008-05-02,14.90638,15.0050077,14.42842,14.47798,281001329
2008-05-01,14.40376,14.81771,14.37039,14.77163,265101957
2008-04-30,14.0027637,14.5669,13.90961,14.30364,317304895
2008-04-29,13.71933,14.032403,13.6989,13.90961,174491595
2008-04-28,13.59604,13.86827,13.42468,13.75146,160945009
2008-04-25,13.67425,13.77337,13.51758,13.55071,167200368
2008-04-24,13.73078,13.81048,13.45009,13.5253,166023975
2008-04-23,13.89641,13.93054,13.47325,13.61123,197597880
2008-04-22,13.38906,13.96839,13.38881,13.82319,318730218
2008-04-21,13.43439,13.5141,13.20774,13.39454,298703433
2008-04-18,13.33029,13.64137,13.070259,13.43489,732158060
2008-04-17,11.34821,11.44137,11.12132,11.19653,536122013
2008-04-16,11.068512,11.41422,10.98383,11.33327,306372069
2008-04-15,11.41048,11.45008,11.051576,11.12928,183790319
2008-04-14,11.38632,11.39354,11.21173,11.24934,154280120
2008-04-11,11.55843,11.63788,11.33277,11.39354,167413162
2008-04-10,11.58059,11.80226,11.50313,11.68321,203656504
2008-04-09,11.68445,11.75594,11.39579,11.56141,242830791
2008-04-08,11.78184,11.80924,11.50712,11.65158,182561731
2008-04-07,11.88122,12.090681,11.79404,11.87599,238631108
2008-04-04,11.38258,11.90114,11.36241,11.73327,236772166
2008-04-03,11.50014,11.539,11.16141,11.33551,272152284
2008-04-02,11.70363,11.84909,11.46677,11.59902,240859429
2008-04-01,11.1517,11.61895,11.13003,11.59927,244637537
2008-03-31,10.85033,11.025922,10.75992,10.97063,178522648
2008-03-28,11.14473,11.29691,10.8172,10.9111,175704123
2008-03-27,11.10836,11.17337,10.97113,11.060542,234162421
2008-03-26,11.2725,11.52854,11.19031,11.41197,209811488
2008-03-25,11.39379,11.39404,11.10836,11.22742,234138331
2008-03-24,10.91982,11.60102,10.90214,11.471,271554050
2008-03-20,10.64311,10.85182,10.39852,10.79827,398022314
2008-03-19,10.98657,11.14572,10.75145,10.75967,248086416
2008-03-18,10.68445,10.97985,10.59852,10.938,290573072
2008-03-17,10.65979,10.80226,10.26428,10.45755,316710676
2008-03-14,11.033145,11.19155,10.7253,10.90712,263961699
2008-03-13,10.77636,11.13277,10.67947,11.033892,310222448
2008-03-12,10.95917,11.15519,10.91085,10.96341,267073318
2008-03-11,10.5918,10.96266,10.57661,10.95494,354399416
2008-03-10,10.68072,10.73476,10.28744,10.30189,320701579
2008-03-07,10.68196,10.95892,10.61621,10.79329,324082204
2008-03-06,11.15046,11.29018,10.73925,10.77711,299923991
2008-03-05,11.089683,11.31185,11.05855,11.1507,298578968
2008-03-04,11.23165,11.29168,10.85382,11.073494,546910299
2008-03-03,11.74373,11.77387,11.21073,11.38283,303312645
2008-02-29,11.7527,11.94871,11.57287,11.73551,378429149
2008-02-28,11.71858,11.93252,11.64037,11.84037,264463573
2008-02-27,11.46029,11.84286,11.44809,11.77736,406393575
2008-02-26,11.48694,11.6182,11.12953,11.56141,934983461
2008-02-25,12.60152,12.61522,12.098153,12.11559,336167332
2008-02-22,12.50463,12.67748,12.3923,12.64759,221462998
2008-02-21,12.77337,12.78234,12.44087,12.52456,227963272
2008-02-20,12.54074,12.72754,12.42393,12.67748,267486862
2008-02-19,13.32356,13.32655,12.61522,12.67624,254968114
2008-02-15,13.15843,13.26677,13.059301,13.19156,210389647
2008-02-14,13.40849,13.47549,13.22543,13.25656,260039050
2008-02-13,13.013721,13.32481,12.91883,13.31559,265981240
2008-02-12,13.035888,13.21546,12.77785,12.90388,267490877
2008-02-11,12.96441,13.043858,12.78707,12.98035,233913491
2008-02-08,12.68769,12.89492,12.67001,12.86901,274179856
2008-02-07,12.37512,12.80675,12.32281,12.57661,318344779
2008-02-06,12.73078,12.73153,12.40176,12.49591,306600924
2008-02-05,12.19006,12.67748,12.16739,12.62269,449811709
2008-02-04,12.67922,12.77163,12.26777,12.3395,528256642
2008-02-01,13.16739,13.36665,12.70239,12.84934,706658840
2008-01-31,13.42493,14.27151,13.30737,14.054819,597081651
2008-01-30,13.67848,13.95843,13.53701,13.65557,318774383
2008-01-29,13.95943,13.98085,13.46628,13.71161,252262009
2008-01-28,14.22095,14.25258,13.66378,13.8476,233540097
2008-01-25,14.74,14.81945,14.10164,14.10712,279684411
2008-01-24,13.91783,14.43813,13.80177,14.30862,377445475
2008-01-23,13.9654,14.14697,12.92655,13.66428,681171664
2008-01-22,13.99828,14.88172,13.97761,14.5542,381484558
2008-01-18,15.15221,15.1928,14.90538,14.95021,342864341
2008-01-17,15.46105,15.58508,14.89442,14.96366,329903943
2008-01-16,15.66553,15.94,14.99206,15.34125,423983259
2008-01-15,16.0872,16.16566,15.82518,15.88172,223562839
2008-01-14,16.21771,16.37363,16.071012,16.28446,178566813
2008-01-11,16.0074997,16.17612,15.69392,15.89666,199826201
2008-01-10,16.065035,16.36865,15.94299,16.10787,254317685
2008-01-09,15.69218,16.27251,15.50463,16.26902,270598482
2008-01-08,16.26404,16.43739,15.71609,15.73303,214364490
2008-01-07,16.28745,16.49517,15.87425,16.17064,257096061
2008-01-04,16.9288,16.96043,16.31385,16.36366,215195594
2008-01-03,17.067528,17.10713,16.84984,17.069269,130587647
2008-01-02,17.25707,17.36915,16.87998,17.065783,172921733
2007-12-31,17.39903,17.49667,17.20003,17.22245,95404263
2007-12-28,17.55744,17.63266,17.34847,17.49766,102892225
2007-12-27,17.61074,17.83316,17.45308,17.45308,118141168
2007-12-26,17.40949,17.76392,17.39007,17.70464,101579322
2007-12-24,17.30987,17.45283,17.2618,17.45283,65380146
2007-12-21,17.38185,17.41622,17.26628,17.35221,216086922
2007-12-20,17.081724,17.21049,16.95171,17.17786,177551020
2007-12-19,16.79231,16.92406,16.66254,16.87101,177506855
2007-12-18,16.79106,16.85457,16.25159,16.77089,287742502
2007-12-17,17.13577,17.32058,16.52979,16.66827,220262515
2007-12-14,17.12357,17.42718,17.11734,17.18459,147490767
2007-12-13,17.34274,17.37537,16.96666,17.28646,202387766
2007-12-12,17.78334,17.79131,17.14822,17.41846,247287433
2007-12-11,17.93129,17.95744,17.40426,17.41472,246484434
2007-12-10,17.83291,18.052336,17.78334,17.89343,154826159
2007-12-07,17.808,17.88297,17.69617,17.80501,154661545
2007-12-06,17.37986,17.84711,17.36018,17.81473,197096005
2007-12-05,17.25358,17.408,17.12332,17.39754,169015145
2007-12-04,16.89443,17.2354,16.86479,17.040129,169906473
2007-12-03,17.21074,17.31012,16.96491,16.97462,173652461
2007-11-30,17.70862,17.71012,16.98907,17.2603,317003771
2007-11-29,17.20426,17.50414,17.13004,17.35993,249250764
2007-11-28,16.98907,17.29268,16.74075,17.24187,317846919
2007-11-27,16.807,16.8476,16.19579,16.77637,357515050
2007-11-26,16.9415,17.27027,16.56292,16.58783,272622038
2007-11-23,16.68745,16.89368,16.64038,16.85433,109958613
2007-11-21,16.034149,16.6867,15.99206,16.45134,281591533
2007-11-20,15.85258,16.41597,15.76267,16.15295,395099399
2007-11-19,15.68097,15.8598,15.40476,15.58782,221924722
2007-11-16,15.78932,15.82792,15.34299,15.7816,363067785
2007-11-15,15.90464,16.12705,15.54175,15.68247,279752666
2007-11-14,16.76914,16.82419,15.84735,15.98209,325001637
2007-11-13,16.064535,16.4613,15.74274,16.45208,339082217
2007-11-12,16.3821,16.68571,15.59679,15.74274,410625377
2007-11-09,16.83141,16.98334,16.46852,16.53726,457231416
2007-11-08,18.29642,18.30364,16.86628,17.28123,662963671
2007-11-07,18.45906,18.61124,18.01099,18.25508,332180444
2007-11-06,18.37014,18.4755,18.057318,18.4755,338716853
2007-11-05,17.60875,18.18758,17.58583,18.073505,356679932
2007-11-02,17.69642,17.77288,17.3684,17.71485,234535815
2007-11-01,17.50414,17.77637,17.47898,17.5146,262066622
2007-10-31,17.45184,17.609,17.33602,17.609,276103037
2007-10-30,16.8745,17.43241,16.8745,17.30439,277058606
2007-10-29,16.88098,16.93652,16.73951,16.91734,123111730
2007-10-26,16.78782,16.85034,16.63913,16.80202,134658850
2007-10-25,16.90364,16.91086,16.5268,16.65034,232688918
2007-10-24,16.75495,16.8735,16.42743,16.83241,297278110
2007-10-23,16.46952,16.87674,16.43839,16.83116,272766578
2007-10-22,15.90713,16.31385,15.8476,16.208,267575192
2007-10-19,16.30289,16.40078,16.0207,16.057562,633927242
2007-10-18,15.82593,15.97437,15.65383,15.93079,493410518
2007-10-17,15.70239,15.79081,15.48172,15.77786,242124152
2007-10-16,15.40451,15.58957,15.24262,15.34249,241915372
2007-10-15,15.90215,15.93676,15.33129,15.44486,278793083
2007-10-12,15.54125,15.9004,15.39828,15.87525,273971076
2007-10-11,15.78185,15.97537,15.16815,15.49193,473729022
2007-10-10,15.47599,15.58359,15.36242,15.57637,216231462
2007-10-09,15.32033,15.53627,15.15295,15.32207,352026555
2007-10-08,14.81945,15.19953,14.7933,15.18359,201873847
2007-10-05,14.62294,14.84436,14.62045,14.79579,203507949
2007-10-04,14.57263,14.57263,14.37263,14.42169,119915795
2007-10-03,14.60152,14.66976,14.45482,14.54598,155761653
2007-10-02,14.53004,14.86453,14.4461,14.55519,283759629
2007-10-01,14.19604,14.5542,14.18707,14.50937,189158364
2007-09-28,14.12207,14.18558,14.050336,14.12879,105975740
2007-09-27,14.23987,14.24012,14.091681,14.13452,82560301
2007-09-26,14.20675,14.24137,14.042615,14.15096,134345680
2007-09-25,14.047347,14.18583,14.018954,14.17188,109633398
2007-09-24,13.97263,14.23315,13.94772,14.14747,212674178
2007-09-21,13.85656,13.9674,13.76914,13.95021,321669193
2007-09-20,13.62393,13.86802,13.59978,13.76914,221828362
2007-09-19,13.43141,13.68495,13.42119,13.6202,221904647
2007-09-18,13.11385,13.38109,13.057806,13.33178,169260059
2007-09-17,13.11409,13.18259,13.052825,13.08346,88229471
2007-09-14,13.031156,13.20725,13.0067482,13.16939,111010541
2007-09-13,13.052576,13.13103,13.031654,13.070509,75927532
2007-09-12,12.96465,13.15021,12.92655,13.017457,119887690
2007-09-11,12.87649,12.99255,12.8451,12.98458,108549350
2007-09-10,12.98333,13.0030117,12.72431,12.81397,129515644
2007-09-07,12.89816,12.98234,12.87175,12.93526,147093283
2007-09-06,13.18458,13.19629,12.90762,13.039126,145579631
2007-09-05,13.036137,13.18757,13.0074949,13.14573,133012703
2007-09-04,12.82742,13.15071,12.81746,13.079724,148301796
2007-08-31,12.7796,12.86428,12.739,12.83315,119550431
2007-08-30,12.76117,12.83688,12.71683,12.73726,106465569
2007-08-29,12.64859,12.78458,12.6334,12.77412,102354216
2007-08-28,12.74049,12.82642,12.59753,12.61272,131446855
2007-08-27,12.81273,12.88794,12.73726,12.78358,93352602
2007-08-24,12.7674,12.84062,12.66503,12.82692,99278731
2007-08-23,12.85183,12.85507,12.62767,12.75693,123529289
2007-08-22,12.70139,12.85806,12.68371,12.77088,130595677
2007-08-21,12.42692,12.65656,12.39778,12.61796,144965337
2007-08-20,12.51459,12.51708,12.35369,12.40152,108296406
2007-08-17,12.38956,12.47823,12.24535,12.45432,219997525
2007-08-16,12.25457,12.3644,11.96665,12.24211,347120233
2007-08-15,12.67748,12.74448,12.37138,12.3923,217191045
2007-08-14,12.84485,12.8867,12.65257,12.66752,145892800
2007-08-13,12.94,12.94523,12.77785,12.83937,127648672
2007-08-10,12.70687,12.91957,12.59355,12.8456,235888868
2007-08-09,12.97138,13.12132,12.81771,12.8202,194586635
2007-08-08,12.93502,13.095415,12.87898,13.095415,163362034
2007-08-07,12.69616,12.94847,12.67848,12.85233,171211346
2007-08-06,12.52804,12.70612,12.51559,12.70239,146607469
2007-08-03,12.70363,12.78209,12.52804,12.52804,127524207
2007-08-02,12.79504,12.82667,12.67748,12.72754,126669014
2007-08-01,12.71484,12.86453,12.65606,12.77561,177791919
2007-07-31,12.95718,12.96241,12.70239,12.70239,171460275
2007-07-30,12.77512,12.93502,12.71484,12.85457,159126217
2007-07-27,12.66578,12.86727,12.59031,12.74946,221189978
2007-07-26,12.67101,12.7669,12.42543,12.65257,276368027
2007-07-25,12.87624,12.87723,12.5918,12.69641,222631361
2007-07-24,12.68495,12.91883,12.63041,12.80202,223719424
2007-07-23,12.9268,12.95146,12.75594,12.7649,255221059
2007-07-20,12.74971,13.030658,12.68993,12.95444,713556598
2007-07-19,13.78483,13.78633,13.50538,13.66354,446756299
2007-07-18,13.79554,13.81073,13.54448,13.6862,244111573
2007-07-17,13.82418,13.89118,13.75793,13.82319,173792986
2007-07-16,13.70613,13.91235,13.68147,13.77312,264969462
2007-07-13,13.6466,13.76515,13.63016,13.75245,210269197
2007-07-12,13.59554,13.6319,13.45507,13.58234,138179998
2007-07-11,13.5395,13.61148,13.44984,13.56092,132868163
2007-07-10,13.54398,13.62393,13.49068,13.53278,154818129
2007-07-09,13.52431,13.66727,13.45606,13.51335,149751208
2007-07-06,13.48072,13.54598,13.41796,13.43464,110291857
2007-07-05,13.339,13.55918,13.25407,13.49018,198457088
2007-07-03,13.22692,13.31011,13.13826,13.30862,75152639
2007-07-02,13.088192,13.2466,13.056063,13.20999,140026895
2007-06-29,13.10139,13.13576,12.93801,13.018703,155805818
2007-06-28,13.072999,13.18807,13.0461,13.076237,167360967
2007-06-27,13.075988,13.15046,12.9405,13.10812,245842035
2007-06-26,13.26852,13.28022,13.10687,13.207,228433026
2007-06-25,13.17512,13.32481,13.035639,13.13626,318188194
2007-06-22,12.86229,13.075739,12.85432,13.07549,289228049
2007-06-21,12.7268,12.83414,12.60974,12.80476,177049146
2007-06-20,12.87574,12.92032,12.67898,12.70164,174178426
2007-06-19,12.80226,12.88296,12.74074,12.80974,174864989
2007-06-18,12.60725,12.85183,12.55893,12.8319,194161046
2007-06-15,12.65731,12.67748,12.48396,12.60002,247889682
2007-06-14,12.58732,12.59977,12.49566,12.52406,185540856
2007-06-13,12.62991,12.66603,12.42069,12.58383,282414606
2007-06-12,12.67026,12.74398,12.53228,12.57213,257742474
2007-06-11,12.80251,12.90787,12.70239,12.73576,186604829
2007-06-08,12.85681,12.94249,12.68894,12.83913,255281284
2007-06-07,12.94523,13.11335,12.7649,12.82842,426813829
2007-06-06,12.87051,12.97088,12.8334,12.90787,316650452
2007-06-05,12.69616,12.92655,12.61796,12.92256,419450332
2007-06-04,12.40127,12.71509,12.3933,12.62941,285104652
2007-06-01,12.47823,12.57835,12.40176,12.46329,192679513
2007-05-31,12.46727,12.672,12.3801,12.40127,358310019
2007-05-30,12.067269,12.42443,12.029909,12.41845,290918361
2007-05-29,12.079722,12.24909,12.054816,12.13227,209502334
2007-05-25,11.94772,12.078477,11.88719,12.04286,214741900
2007-05-24,11.83439,11.93526,11.74348,11.81397,167569747
2007-05-23,11.97561,12.040121,11.79952,11.805,203166675
2007-05-22,11.78084,11.93053,11.78084,11.85208,154135581
2007-05-21,11.69442,11.93526,11.62443,11.72107,247295463
2007-05-18,11.75668,11.77337,11.6999,11.71409,148390126
2007-05-17,11.76739,11.83613,11.7263,11.73003,187122763
2007-05-16,11.50687,11.78433,11.43265,11.77113,263150670
2007-05-15,11.50587,11.52032,11.39255,11.40724,165377561
2007-05-14,11.59354,11.6441,11.45706,11.50139,155488633
2007-05-11,11.50264,11.6314,11.48196,11.62493,118205408
2007-05-10,11.6324,11.69342,11.48246,11.49367,148004686
2007-05-09,11.61023,11.74921,11.55369,11.68744,156179212
2007-05-08,11.60973,11.66054,11.57487,11.62667,116639561
2007-05-07,11.75942,11.77636,11.6182,11.63813,121256803
2007-05-04,11.70911,11.82667,11.60351,11.73402,158592223
2007-05-03,11.61197,11.80749,11.58881,11.78657,144306878
2007-05-02,11.6725,11.73302,11.59977,11.60102,122967190
2007-05-01,11.76067,11.77611,11.56092,11.68122,146876473
2007-04-30,11.93402,11.98881,11.74049,11.74049,146193924
2007-04-27,11.95693,12.014965,11.9136,11.93053,117466650
2007-04-26,11.90787,12.066024,11.88321,11.98458,165614446
2007-04-25,11.95519,11.98931,11.8583,11.90513,159266742
2007-04-24,11.92057,11.95469,11.84435,11.89367,148341946
2007-04-23,11.95768,12.079722,11.91185,11.93227,227834792
2007-04-20,12.21721,12.26652,12.0054998,12.016957,488283372
2007-04-19,11.8182,12.0037575,11.69591,11.74722,442034667
2007-04-18,11.7375,11.9527,11.69442,11.85581,227670177
2007-04-17,11.80077,11.86528,11.74597,11.77586,128885290
2007-04-16,11.66777,11.88022,11.66004,11.81247,203877329
2007-04-13,11.66752,11.67549,11.54074,11.61372,112211024
2007-04-12,11.55668,11.65631,11.51285,11.64112,108721995
2007-04-11,11.60799,11.69118,11.52206,11.56988,153051532
2007-04-10,11.63364,11.7258,11.58557,11.61895,119618686
2007-04-09,11.78034,11.78084,11.59628,11.66154,122943100
2007-04-05,11.7385,11.75818,11.69666,11.74373,109039179
2007-04-04,11.75942,11.78084,11.69566,11.73153,151718555
2007-04-03,11.55793,11.81198,11.55668,11.77088,261046814
2007-04-02,11.40127,11.42044,11.26079,11.42044,138457033
2007-03-30,11.50936,11.54174,11.36092,11.41123,135714793
2007-03-29,11.57038,11.6065,11.33252,11.47997,160137995
2007-03-28,11.50363,11.59255,11.46079,11.50388,184352418
2007-03-27,11.54548,11.58732,11.46552,11.54722,150208917
2007-03-26,11.47075,11.58159,11.34797,11.58159,189118214
2007-03-23,11.49317,11.54149,11.38433,11.50264,165068406
2007-03-22,11.34772,11.5111,11.271,11.50787,228079706
2007-03-21,11.090928,11.37163,11.088687,11.37113,232801338
2007-03-20,11.10313,11.14821,11.048587,11.09043,137372985
2007-03-19,11.03987,11.17063,10.97461,11.139,208687290
2007-03-16,11.099646,11.1258,10.95618,10.98009,227212468
2007-03-15,11.15469,11.20351,11.057055,11.1131,158359353
2007-03-14,11.039372,11.17461,10.93402,11.15818,321877972
2007-03-13,11.21073,11.25606,11.029409,11.03439,256048147
2007-03-12,11.272,11.33875,11.23564,11.3263,139135567
2007-03-09,11.40724,11.41721,11.21048,11.28171,199854306
2007-03-08,11.43763,11.59404,11.31011,11.32555,215316044
2007-03-07,11.52405,11.53526,11.31484,11.34846,262343656
2007-03-06,11.14498,11.43215,11.14273,11.39604,302477526
2007-03-05,10.8847,11.09591,10.8842,10.98258,255156819
2007-03-02,11.086196,11.17561,10.92605,10.92605,264331078
2007-03-01,11.025424,11.26826,10.95892,11.16391,348710170
2007-02-28,11.2182,11.2994,11.034639,11.19429,322496281
2007-02-27,11.33252,11.45208,11.1375,11.17735,373908266
2007-02-26,11.77661,11.83688,11.55046,11.57985,159391206
2007-02-23,11.84934,11.87922,11.65133,11.72157,155886118
2007-02-22,11.92256,12.060793,11.81546,11.85183,230617182
2007-02-21,11.70214,11.92231,11.64983,11.85208,226469694
2007-02-20,11.66801,11.77462,11.57437,11.75843,163313855
2007-02-16,11.5268,11.70986,11.50836,11.70463,248006116
2007-02-15,11.6065,11.60973,11.47499,11.49367,162302076
2007-02-14,11.45706,11.68445,11.43763,11.60475,228806420
2007-02-13,11.43589,11.5263,11.38881,11.43464,163113105
2007-02-12,11.47399,11.51658,11.33302,11.41447,231042771
2007-02-09,11.74722,11.77287,11.49442,11.50413,195072449
2007-02-08,11.65755,11.79952,11.58533,11.73178,163679219
2007-02-07,11.80127,11.81447,11.67574,11.70637,165409681
2007-02-06,11.6588,11.78831,11.63788,11.74298,213673912
2007-02-05,11.89292,11.90538,11.61123,11.63539,289356529
2007-02-02,12.020195,12.079722,11.90064,11.99255,252402534
2007-02-01,12.60276,12.60301,11.9933,11.99878,628695706
2007-01-31,12.3659,12.57786,12.34149,12.49068,490074058
2007-01-30,12.30388,12.40351,12.23464,12.31185,167846782
2007-01-29,12.40351,12.42219,12.21671,12.26577,191744020
2007-01-26,12.22742,12.40102,12.13028,12.34971,220684089
2007-01-25,12.47823,12.5654,12.096161,12.15668,255694828
2007-01-24,12.066024,12.44186,12.037132,12.43016,243280470
2007-01-23,11.97486,12.073496,11.88769,11.93153,187319498
2007-01-22,12.26652,12.27026,11.91783,11.97611,216982266
2007-01-19,12.15394,12.22318,12.12306,12.19803,199878396
2007-01-18,12.31683,12.36565,12.14025,12.15021,238169384
2007-01-17,12.53776,12.64685,12.31335,12.38558,268968395
2007-01-16,12.64137,12.77711,12.53551,12.55992,303890804
2007-01-12,12.50289,12.57786,12.45332,12.57786,179618741
2007-01-11,12.38358,12.49691,12.35818,12.44635,289408724
2007-01-10,12.065525,12.29267,12.0059986,12.19081,239634856
2007-01-09,12.09093,12.16067,11.98508,12.092176,216062832
2007-01-08,12.14672,12.20102,12.009984,12.044355,190888826
2007-01-05,12.017456,12.14199,11.90812,12.13427,275914333
2007-01-04,11.68122,12.05357,11.66503,12.036385,316686586
2007-01-03,11.6065,11.872,11.4847,11.6461,309415434
2006-12-29,11.50936,11.56839,11.45357,11.46901,102751700
2006-12-28,11.63439,11.67076,11.5131,11.52082,125115211
2006-12-27,11.45706,11.6583,11.43464,11.65706,169894428
2006-12-26,11.37038,11.44386,11.32231,11.39554,83282999
2006-12-22,11.39479,11.42318,11.27598,11.34697,160129965
2006-12-21,11.56117,11.58782,11.26627,11.36241,279174507
2006-12-20,11.70612,11.74348,11.51509,11.52929,175366863
2006-12-19,11.4999,11.68894,11.4197,11.672,264467588
2006-12-18,12.017705,12.023433,11.47499,11.5268,321865927
2006-12-15,12.020943,12.057555,11.9512,11.96266,208410256
2006-12-14,11.96142,12.048589,11.88694,12.0079908,190668002
2006-12-13,12.072001,12.092176,11.88097,11.93003,187182988
2006-12-12,12.05108,12.1136,11.96216,11.99952,167866857
2006-12-11,12.07773,12.17686,12.049834,12.053072,131025281
2006-12-08,12.0035076,12.16939,11.95519,12.057555,159591956
2006-12-07,12.20998,12.24909,12.015463,12.020943,187271318
2006-12-06,12.12854,12.26403,12.067767,12.17213,178679233
2006-12-05,12.1395,12.19031,12.076983,12.12954,164735162
2006-12-04,12.029909,12.14025,11.939,12.075986,196730641
2006-12-01,12.10413,12.16416,11.91783,11.97511,226100315
2006-11-30,12.059548,12.21422,11.99379,12.07499,223936234
2006-11-29,12.30986,12.32231,12.011229,12.071005,253558852
2006-11-28,11.98333,12.20077,11.88122,12.1918,313073093
2006-11-27,12.48744,12.49766,12.073496,12.073496,294086191
2006-11-24,12.5654,12.64012,12.55295,12.57786,69567783
2006-11-22,12.72655,12.77711,12.59728,12.65282,180702789
2006-11-21,12.36714,12.70239,12.34946,12.69367,338363534
2006-11-20,12.41347,12.41347,12.27026,12.33003,205748315
2006-11-17,12.2852,12.44485,12.27897,12.42319,221266263
2006-11-16,12.32879,12.39554,12.26802,12.3512,204467533
2006-11-15,12.28969,12.44959,12.25233,12.25233,336083018
2006-11-14,11.97262,12.20301,11.96764,12.18682,290019003
2006-11-13,11.82817,11.98433,11.80924,11.98084,174326980
2006-11-10,11.80027,11.82368,11.71335,11.79454,112287309
2006-11-09,11.86802,11.94249,11.75245,11.77163,195899538
2006-11-08,11.71484,11.99853,11.67125,11.83066,319794191
2006-11-07,11.87922,11.93078,11.75021,11.77013,196618221
2006-11-06,11.80002,11.94672,11.76416,11.87922,200408375
2006-11-03,11.76166,11.79952,11.58308,11.75095,197043811
2006-11-02,11.64386,11.79902,11.61596,11.70388,210253137
2006-11-01,11.9243,11.93352,11.58807,11.64386,217865564
2006-10-31,11.90687,12.0089874,11.80176,11.86528,252358369
2006-10-30,11.82617,11.96665,11.70637,11.86976,263508004
2006-10-27,12.052325,12.0857,11.76814,11.83564,265150137
2006-10-26,12.14647,12.25307,12.059797,12.082213,282322262
2006-10-25,11.89267,12.16689,11.8334,12.11957,368877480
2006-10-24,11.86254,11.90189,11.74124,11.78856,347706422
2006-10-23,11.51384,12.070756,11.46627,11.97462,606444615
2006-10-20,11.4319,11.45955,11.29741,11.44884,467662368
2006-10-19,10.46652,10.6974,10.45008,10.61172,461864718
2006-10-18,10.53526,10.5791,10.39852,10.44361,241594173
2006-10-17,10.46826,10.55419,10.3786,10.47673,209221284
2006-10-16,10.65257,10.68993,10.49417,10.50438,173423607
2006-10-13,10.65407,10.6974,10.59927,10.64261,145443121
2006-10-12,10.67399,10.70189,10.56042,10.6461,194486260
2006-10-11,10.58582,10.70761,10.55444,10.62268,226260915
2006-10-10,10.74871,10.90537,10.52032,10.62642,393011603
2006-10-09,10.58034,10.75842,10.54597,10.68495,304468963
2006-10-06,10.2172,10.50836,10.2055,10.47324,294559960
2006-10-05,10.32878,10.41695,10.23314,10.25681,232460064
2006-10-04,10.086444,10.35544,10.038623,10.35369,267470802
2006-10-03,9.99479,10.12355,9.91758,10.06328,219407321
2006-10-02,10.0099802,10.1121,9.98258,9.99852,146623529
2006-09-29,10.090429,10.10263,9.99778,10.0099802,132932403
2006-09-28,10.064277,10.13651,9.97611,10.051823,205061752
2006-09-27,10.11957,10.24211,10.021686,10.035385,235949093
2006-09-26,10.099644,10.15394,10.0067415,10.13377,212369039
2006-09-25,10.10164,10.19802,10.024924,10.061786,230352192
2006-09-22,10.086693,10.14821,9.99653,10.056805,186681114
2006-09-21,9.97013,10.17312,9.95917,10.13327,429287065
2006-09-20,10.13949,10.14672,9.82866,9.88794,367283528
2006-09-19,10.34771,10.34846,9.78183,10.057552,573858932
2006-09-18,10.21172,10.42816,10.19852,10.32854,285333506
2006-09-15,10.14896,10.21297,10.13053,10.20874,314703180
2006-09-14,10.069756,10.11907,10.010727,10.061786,215448538
2006-09-13,9.84186,10.13103,9.84062,10.12629,392192544
2006-09-12,9.58906,9.78159,9.58607,9.76091,218503948
2006-09-11,9.42119,9.58134,9.40898,9.56639,181847062
2006-09-08,9.38283,9.4842,9.38283,9.41098,123798294
2006-09-07,9.44933,9.50811,9.39977,9.42692,154256030
2006-09-06,9.51683,9.54398,9.45606,9.46801,149522354
2006-09-05,9.46129,9.59902,9.40076,9.57312,163582859
2006-09-01,9.48918,9.4964,9.39454,9.42966,107316747
2006-08-31,9.50164,9.51807,9.41969,9.42791,118839777
2006-08-30,9.44485,9.58034,9.42741,9.4832,162382376
2006-08-29,9.48395,9.52231,9.39479,9.43837,179068687
2006-08-28,9.35518,9.48819,9.33999,9.48819,167184308
2006-08-25,9.29217,9.34796,9.27773,9.29665,99037832
2006-08-24,9.32604,9.37486,9.27175,9.30836,139822131
2006-08-23,9.40574,9.42144,9.28171,9.30089,146238089
2006-08-22,9.40799,9.44609,9.33601,9.42193,167188323
2006-08-21,9.4172,9.43962,9.34547,9.39728,161535213
2006-08-18,9.62169,9.64111,9.4832,9.54821,198830482
2006-08-17,9.62368,9.71359,9.56216,9.60898,203969673
2006-08-16,9.5512,9.67499,9.51733,9.6568,235005569
2006-08-15,9.31783,9.50612,9.28022,9.48868,268932260
2006-08-14,9.25282,9.34323,9.18233,9.20126,199476896
2006-08-11,9.32505,9.34696,9.16564,9.1781,151224711
2006-08-10,9.3121,9.40649,9.27673,9.32007,171114986
2006-08-09,9.53426,9.58109,9.37386,9.38831,173086347
2006-08-08,9.53476,9.5766,9.44186,9.48943,230589077
2006-08-07,9.25282,9.4578,9.2441,9.41347,158467758
2006-08-04,9.45357,9.48146,9.25904,9.31135,204571922
2006-08-03,9.090427,9.41247,9.050078,9.3497,254028606
2006-08-02,9.35493,9.39404,9.095906,9.14647,284976172
2006-08-01,9.5918,9.60824,9.35269,9.35269,219347097
2006-07-31,9.66378,9.69292,9.54697,9.62891,184500973
2006-07-28,9.51434,9.70263,9.50761,9.66677,163956253
2006-07-27,9.64809,9.65108,9.41347,9.5243,226489769
2006-07-26,9.66876,9.76116,9.53924,9.60151,222105397
2006-07-25,9.58956,9.74622,9.55917,9.69765,231307761
2006-07-24,9.78383,9.81048,9.49466,9.73601,324656348
2006-07-21,9.61745,9.75718,9.40699,9.71633,471946365
2006-07-20,10.069258,10.073243,9.6055,9.64186,503427925
2006-07-19,9.83837,9.99105,9.82966,9.93775,342017177
2006-07-18,10.2055,10.22592,9.90637,10.038623,342751921
2006-07-17,10.077975,10.23663,10.05531,10.15917,233347377
2006-07-14,10.21994,10.24883,9.92804,10.049831,303216285
2006-07-13,10.31135,10.41945,10.13277,10.18258,278018189
2006-07-12,10.51285,10.52903,10.37935,10.3923,197003661
2006-07-11,10.42368,10.58657,10.28719,10.57436,239747276
2006-07-10,10.54647,10.59105,10.37063,10.41596,178121149
2006-07-07,10.61148,10.6573,10.35818,10.472,242581861
2006-07-06,10.54498,10.59479,10.51011,10.54024,148036806
2006-07-05,10.49865,10.53053,10.3522,10.49715,200171490
2006-07-03,10.46179,10.55469,10.44709,10.54049,86591354
2006-06-30,10.3512,10.4441,10.26976,10.4441,251258261
2006-06-29,10.16166,10.41596,10.10761,10.40625,267326263
2006-06-28,10.062533,10.12405,9.9908,10.11484,148976315
2006-06-27,10.10487,10.16191,9.98781,10.020441,164899777
2006-06-26,10.13078,10.16938,10.043604,10.067764,142580431
2006-06-23,10.0314,10.2055,9.98109,10.083704,213388847
2006-06-22,10.0020103,10.1121,9.66378,9.96141,237362370
2006-06-21,9.73999,10.062284,9.70736,10.015709,351087046
2006-06-20,9.66453,9.76017,9.62667,9.6431,162201701
2006-06-19,9.73476,9.83314,9.63837,9.66726,306468429
2006-06-16,9.69118,9.73675,9.66378,9.73103,212979318
2006-06-15,9.62941,9.76963,9.53924,9.7385,272445379
2006-06-14,9.70936,9.74099,9.42766,9.57386,312045255
2006-06-13,9.48694,9.63887,9.4177,9.62692,307512327
2006-06-12,9.67225,9.72579,9.48943,9.50288,201516513
2006-06-09,9.76814,9.84883,9.59778,9.62816,247223193
2006-06-08,9.65755,9.81994,9.42941,9.79578,415933198
2006-06-07,9.79429,9.83464,9.62642,9.62667,357788070
2006-06-06,9.37934,9.71359,9.37237,9.71334,411930250
2006-06-05,9.36938,9.50064,9.31882,9.32604,223173385
2006-06-02,9.63489,9.64086,9.40101,9.45058,256413512
2006-06-01,9.30363,9.539,9.25531,9.52978,252061259
2006-05-31,9.3101,9.42094,9.13526,9.26079,320448635
2006-05-30,9.42169,9.48943,9.25157,9.26378,173287097
2006-05-26,9.57785,9.61098,9.46527,9.49815,147229793
2006-05-25,9.44161,9.53924,9.27299,9.539,329012615
2006-05-24,9.39852,9.5502,9.25556,9.49566,383584400
2006-05-23,9.32032,9.56116,9.30413,9.35444,360666820
2006-05-22,9.16191,9.29093,9.097152,9.23912,345466056
2006-05-19,9.29715,9.32754,8.98059,9.21596,457636930
2006-05-18,9.43414,9.50961,9.23314,9.24012,234274840
2006-05-17,9.23065,9.46054,9.22094,9.32754,427347823
2006-05-16,9.36465,9.38632,9.21272,9.24784,260617209
2006-05-15,9.36316,9.46826,9.17187,9.36988,344891912
2006-05-12,9.55269,9.58582,9.30388,9.31832,405016432
2006-05-11,10.047838,10.079968,9.58856,9.63887,357045296
2006-05-10,10.16963,10.25431,10.0089836,10.036879,248415646
2006-05-09,9.85556,10.18682,9.80699,10.18184,366994449
2006-05-08,9.84086,9.89093,9.71484,9.83265,205511431
2006-05-05,9.90288,9.97959,9.75793,9.82069,243509324
2006-05-04,9.83887,9.93451,9.76863,9.8319,186777474
2006-05-03,9.87175,10.000017166,9.73551,9.81745,324098263
2006-05-02,9.98956,10.024675,9.67374,9.83314,526136725
2006-05-01,10.42268,10.44684,9.92654,9.93526,416001453
2006-04-28,10.42667,10.60351,10.36864,10.40948,297964674
2006-04-27,10.53327,10.6329,10.4456,10.46154,334766100
2006-04-26,10.65357,10.71085,10.54871,10.60948,292203159
2006-04-25,10.94971,10.98483,10.61023,10.63912,384194678
2006-04-24,10.94398,11.075984,10.87225,10.97138,354780840
2006-04-21,11.18059,11.22592,10.86353,10.88669,905433112
2006-04-20,10.23688,10.36116,10.16689,10.33626,492699864
2006-04-19,10.27573,10.30238,10.13028,10.22418,272284779
2006-04-18,10.16017,10.20749,10.000017166,10.068262,326724069
2006-04-17,10.048585,10.27399,9.98358,10.13252,331618345
2006-04-13,10.1776,10.20575,9.97511,10.016456,263098475
2006-04-12,10.18682,10.24485,10.091923,10.18557,241582128
2006-04-11,10.37162,10.43837,10.11758,10.20326,445953300
2006-04-10,10.139,10.3903,10.093417,10.37063,374201361
2006-04-07,10.27175,10.28271,10.062782,10.11608,282089392
2006-04-06,10.1243,10.30861,10.097901,10.24111,345229172
2006-04-05,10.16689,10.32555,10.032894,10.16166,538430634
2006-04-04,9.7111,10.0847,9.66726,10.070752,630984252
2006-04-03,9.70189,9.77511,9.66203,9.70612,326125835
2006-03-31,9.68221,9.76017,9.5649,9.71359,1466331647
2006-03-30,9.69342,9.80076,9.55444,9.67474,590673723
2006-03-29,9.46303,9.93775,9.45232,9.83763,763952790
2006-03-28,9.25805,9.41122,9.2446,9.39479,359173242
2006-03-27,9.14298,9.25805,9.090925,9.20774,282001062
2006-03-24,9.18109,9.2177,9.028907,9.11085,609500025
2006-03-23,8.52679,8.61147,8.47324,8.51533,298502683
2006-03-22,8.46203,8.57038,8.40599,8.47374,304978867
2006-03-21,8.71757,8.75867,8.44534,8.46627,394717975
2006-03-20,8.52654,8.71957,8.50661,8.67224,417864410
2006-03-17,8.43837,8.51259,8.34198,8.46303,343350155
2006-03-16,8.6827,8.68619,8.41595,8.43762,402169802
2006-03-15,8.7365,8.77461,8.48146,8.58034,512666424
2006-03-14,8.39703,8.77635,8.28445,8.74622,740794310
2006-03-13,8.49142,8.62019,8.35493,8.39503,547741403
2006-03-10,8.55543,8.58034,8.2578,8.40599,775921484
2006-03-09,8.85157,8.92978,8.50562,8.54298,558501584
2006-03-08,8.81521,8.96714,8.73077,8.81396,471585016
2006-03-07,9.091423,9.17685,8.92031,9.077226,416708092
2006-03-06,9.48719,9.54921,9.14423,9.16814,358928328
2006-03-03,9.57162,9.64485,9.35892,9.4192,480273461
2006-03-02,9.072992,9.49192,9.021186,9.37611,735960259
2006-03-01,9.17959,9.20176,8.99877,9.085944,484256334
2006-02-28,9.79329,9.90139,8.43115,9.031647,1583416872
2006-02-27,9.49616,9.75593,9.4715,9.72306,410019113
2006-02-24,9.39728,9.46627,9.30238,9.39977,260344190
2006-02-23,9.10612,9.49541,9.10064,9.41646,503945859
2006-02-22,9.14447,9.18931,9.062531,9.10313,260018976
2006-02-21,9.12679,9.30363,9.093665,9.13053,348742290
2006-02-17,9.21197,9.26876,9.056554,9.18433,574955025
2006-02-16,8.60948,9.14074,8.58009,9.12729,855815829
2006-02-15,8.49989,8.6177,8.41421,8.52754,519821141
2006-02-14,8.60101,8.75942,8.52804,8.55095,588357072
2006-02-13,8.63364,8.73227,8.51533,8.61023,791668286
2006-02-10,9.01496,9.078472,8.79553,9.031398,611222457
2006-02-09,9.24535,9.32505,8.8695,8.93576,478282024
2006-02-08,9.1776,9.23264,8.83364,9.19254,835283155
2006-02-07,9.539,9.55668,9.049829,9.16365,667701363
2006-02-06,9.59678,9.7111,9.45357,9.59155,358956433
2006-02-03,9.80375,9.81073,9.27947,9.50313,734012987
2006-02-02,10.057801,10.12455,9.86253,9.86403,474078326
2006-02-01,9.68943,10.012471,9.65182,10.0069914,1088966472
2006-01-31,10.72405,10.94896,10.55967,10.77611,885948351
2006-01-30,10.69068,10.79155,10.58532,10.63065,344843732
2006-01-27,10.83439,10.91459,10.68445,10.79678,339355237
2006-01-26,10.94747,10.95867,10.54946,10.81621,518982008
2006-01-25,11.23937,11.31334,10.69043,10.78458,752401655
2006-01-24,10.86004,11.082211,10.82144,11.03439,620902605
2006-01-23,10.14647,10.66976,10.10537,10.64759,913065614
2006-01-20,10.92655,10.95967,9.83165,9.94921,1650832619
2006-01-19,11.23713,11.29491,10.78458,10.87051,583671575
2006-01-18,11.14074,11.3913,11.03987,11.081215,822499417
2006-01-17,11.53327,11.70363,11.52007,11.63414,332051965
2006-01-13,11.5644,11.62866,11.49716,11.61272,307411953
2006-01-12,11.79877,11.83041,11.49442,11.54747,406530084
2006-01-11,11.73775,11.8334,11.6857,11.74672,361646478
2006-01-10,11.56714,11.71235,11.50787,11.70014,365247927
2006-01-09,11.61671,11.7908,11.48047,11.62891,513593887
2006-01-06,11.3791,11.71858,11.28869,11.59803,712938289
2006-01-05,11.10836,11.2466,10.99628,11.23887,433952486
2006-01-04,11.056059,11.18209,10.9527,11.089434,613747887
2006-01-03,10.52355,10.85108,10.41646,10.84012,526815259
2005-12-30,10.39279,10.41621,10.30488,10.33277,304621533
2005-12-29,10.65954,10.67822,10.44012,10.46453,278873383
2005-12-28,10.56888,10.65456,10.49217,10.62742,285783185
2005-12-27,10.75618,10.75618,10.52953,10.57636,269116950
2005-12-23,10.76341,10.77212,10.67947,10.73302,184492943
2005-12-22,10.75394,10.78109,10.60849,10.76067,302995460
2005-12-21,10.79827,10.88072,10.47847,10.61845,450558497
2005-12-20,10.65656,10.76465,10.5771,10.70338,404899997
2005-12-19,10.76465,11.11359,10.46353,10.57536,880760980
2005-12-16,10.59379,10.77212,10.52928,10.71359,655668429
2005-12-15,10.43862,10.539,10.37362,10.5243,242738446
2005-12-14,10.38707,10.45407,10.34846,10.43489,266210095
2005-12-13,10.27399,10.41098,10.25257,10.39828,327775997
2005-12-12,10.32704,10.34149,10.21048,10.27673,279046027
2005-12-09,10.33626,10.35568,10.17586,10.1918,306881974
2005-12-08,10.094663,10.22791,10.028411,10.22791,357735875
2005-12-07,10.11608,10.12953,9.938,10.067764,468385066
2005-12-06,10.17935,10.37138,10.0049992,10.075734,607279734
2005-12-05,10.38607,10.39852,10.069258,10.10836,413118688
2005-12-02,10.38458,10.44908,10.30786,10.40351,302870996
2005-12-01,10.1918,10.34722,10.16913,10.31359,391257051
2005-11-30,10.06876,10.17312,9.85207,10.084949,626202395
2005-11-29,10.57187,10.62019,10.015958,10.050827,863054861
2005-11-28,10.70537,10.74074,10.52156,10.54747,441986487
2005-11-25,10.60475,10.67872,10.5928,10.67549,194329675
2005-11-23,10.38707,10.57835,10.35568,10.53202,404912042
2005-11-22,10.1781,10.39379,10.11783,10.37287,385278727
2005-11-21,9.94199,10.21123,9.80052,10.19578,414953540
2005-11-18,10.049582,10.074737,9.95892,9.96789,282077347
2005-11-17,10.0074892,10.057552,9.95095,10.048585,369869183
2005-11-16,9.86801,9.93402,9.81596,9.91658,349111670
2005-11-15,9.82268,9.88794,9.73725,9.78333,346289130
2005-11-14,9.76639,9.91832,9.7517,9.88719,313486637
2005-11-11,9.84111,9.88545,9.68495,9.72355,283615089
2005-11-10,9.42368,9.74722,9.40051,9.74099,366516664
2005-11-09,9.63065,9.671,9.41546,9.44335,420245300
2005-11-08,9.81944,9.85282,9.67822,9.7111,317084071
2005-11-07,9.84062,9.89964,9.76714,9.83887,385098052
2005-11-04,9.71309,9.75817,9.60027,9.7243,354319116
2005-11-03,9.52455,9.62841,9.4989,9.61272,299052737
2005-11-02,9.50687,9.58906,9.39404,9.45656,424200069
2005-11-01,9.26178,9.56166,9.1908,9.44908,656696267
2005-10-31,8.97237,9.33377,8.95419,9.26876,575866428
2005-10-28,8.84858,8.94024,8.84236,8.92081,237025111
2005-10-27,8.88171,8.89391,8.75917,8.79354,206145800
2005-10-26,8.62467,8.86677,8.62243,8.85282,357635500
2005-10-25,8.61222,8.65257,8.53949,8.64036,276163262
2005-10-24,8.55219,8.69989,8.5228,8.6837,378682093
2005-10-21,8.61272,8.62841,8.29391,8.46577,919128253
2005-10-20,7.72081,7.7492,7.50213,7.55169,558553779
2005-10-19,7.57162,7.71782,7.57062,7.68868,281479113
2005-10-18,7.59553,7.67025,7.54024,7.55369,284173173
2005-10-17,7.40973,7.60151,7.3365,7.59653,303802474
2005-10-14,7.4695,7.47772,7.28619,7.37585,342041267
2005-10-13,7.52181,7.52181,7.23986,7.40823,424292413
2005-10-12,7.60151,7.65107,7.44709,7.49615,373643277
2005-10-11,7.73625,7.78706,7.59304,7.62392,342984790
2005-10-10,7.8035,7.84111,7.69989,7.73725,223723439
2005-10-07,7.84036,7.88719,7.73451,7.79553,271827070
2005-10-06,7.82417,7.83264,7.7233,7.78955,320950509
2005-10-05,7.78806,7.8431,7.67125,7.73874,334384676
2005-10-04,7.96888,8.0020065,7.73949,7.74597,367143003
2005-10-03,7.81147,7.97287,7.79055,7.93725,367785402
2005-09-30,7.82617,7.90786,7.7781,7.88196,367424053
2005-09-29,7.63837,7.73899,7.62343,7.7116,225393676
2005-09-28,7.82617,7.84808,7.61147,7.62143,321095049
2005-09-27,7.84435,7.93052,7.80524,7.81919,275954483
2005-09-26,7.95767,7.99379,7.78482,7.82766,397259466
2005-09-23,7.79578,7.90064,7.78557,7.85456,340623975
2005-09-22,7.75842,7.9507,7.72529,7.75518,522206047
2005-09-21,7.68146,7.81471,7.62044,7.76838,406305245
2005-09-20,7.62517,7.75344,7.60225,7.669,375441994
2005-09-19,7.4969,7.62143,7.48968,7.56639,231339881
2005-09-16,7.57212,7.58407,7.46875,7.47697,304328438
2005-09-15,7.46004,7.64011,7.41994,7.53725,620966845
2005-09-14,7.68943,7.80275,7.47947,7.54671,452722579
2005-09-13,7.69615,7.85879,7.62567,7.7629,413540262
2005-09-12,7.51558,7.75643,7.4969,7.71458,417017246
2005-09-09,7.40425,7.44958,7.38631,7.44933,176278267
2005-09-08,7.34323,7.45406,7.30661,7.35717,265523531
2005-09-07,7.12056,7.35991,7.10537,7.34422,301104399
2005-09-06,7.19802,7.20773,7.14323,7.15095,169123549
2005-09-02,7.136,7.22268,7.13426,7.18432,137894934
2005-09-01,7.12106,7.16066,7.098393,7.12953,110095123
2005-08-31,7.17884,7.18557,7.082453,7.1233,202114747
2005-08-30,7.15792,7.21072,7.12031,7.15493,192398464
2005-08-29,7.029651,7.20101,7.029651,7.18432,237005036
2005-08-26,7.060535,7.098892,7.040112,7.063026,150775031
2005-08-25,7.037372,7.073487,6.97311,7.038368,175720183
2005-08-24,6.91334,7.092167,6.88544,7.03787,345012362
2005-08-23,6.87822,6.96738,6.82741,6.9634,233740846
2005-08-22,7.0047441,7.010473,6.80823,6.82467,273541472
2005-08-19,6.99852,7.009975,6.9644,6.97386,222547046
2005-08-18,6.87199,6.98631,6.84933,6.97361,476692087
2005-08-17,7.1111,7.1375,7.073487,7.10088,155914222
2005-08-16,7.095405,7.16788,7.057048,7.11458,285433881
2005-08-15,7.21795,7.29192,7.067758,7.073487,328213631
2005-08-12,7.057547,7.22791,7.014707,7.21595,264423423
2005-08-11,7.12056,7.13775,6.9893,7.074732,301722708
2005-08-10,7.2553,7.28096,7.095405,7.11533,276191367
2005-08-09,7.27174,7.28968,7.18582,7.26203,232038489
2005-08-08,7.31259,7.36365,7.23513,7.25406,179943955
2005-08-05,7.40973,7.43488,7.25555,7.28146,238478538
2005-08-04,7.36116,7.44709,7.35369,7.41545,210245108
2005-08-03,7.42218,7.46502,7.3624,7.40475,238113174
2005-08-02,7.26278,7.46004,7.25082,7.45182,292701018
2005-08-01,7.1761,7.28519,7.1756,7.26303,227344963
2005-07-29,7.27623,7.29366,7.14796,7.16714,335785908
2005-07-28,7.40749,7.40749,7.30462,7.3101,237912424
2005-07-27,7.4157,7.42791,7.2827,7.39553,289798178
2005-07-26,7.34771,7.42218,7.27498,7.37461,394147846
2005-07-25,7.53152,7.55394,7.34646,7.36863,387800142
2005-07-22,7.63065,7.70238,7.38059,7.53177,938978379
2005-07-21,7.82193,7.91533,7.7512,7.81919,794543021
2005-07-20,7.61072,7.78607,7.51683,7.77087,574561556
2005-07-19,7.5243,7.72978,7.51683,7.71857,506748324
2005-07-18,7.47199,7.51932,7.41595,7.46054,249242734
2005-07-15,7.50288,7.55668,7.46651,7.50163,338801168
2005-07-14,7.60499,7.64011,7.47374,7.49416,428307406
2005-07-13,7.28544,7.45306,7.27523,7.4436,459230882
2005-07-12,7.30736,7.33252,7.24609,7.26726,235475323
2005-07-11,7.38233,7.38731,7.24833,7.30636,336869956
2005-07-08,7.37859,7.40973,7.3238,7.3781,299422117
2005-07-07,7.20773,7.36738,7.18582,7.36091,428484066
2005-07-06,7.40475,7.41222,7.2573,7.26079,321211484
2005-07-05,7.27523,7.37187,7.22865,7.36514,300883574
2005-07-01,7.34846,7.37834,7.2035,7.25406,370487492
2005-06-30,7.33102,7.44534,7.24883,7.32629,606039101
2005-06-29,7.53426,7.58108,7.27648,7.29067,734691521
2005-06-28,7.62841,7.70238,7.52181,7.52181,764314139
2005-06-27,7.4446,7.58333,7.31907,7.57411,714785186
2005-06-24,7.24534,7.42218,7.21247,7.4035,713512433
2005-06-23,7.17311,7.34273,7.13575,7.2157,564363474
2005-06-22,7.21471,7.28071,7.1898,7.20549,420530365
2005-06-21,7.17486,7.2304,7.097646,7.16913,607560783
2005-06-20,6.87647,7.16489,6.76788,7.14074,844140229
2005-06-17,6.94895,6.98133,6.87174,6.98133,418940428
2005-06-16,6.8309,6.93152,6.80126,6.9101,500364485
2005-06-15,6.84933,6.90661,6.66078,6.84435,838454999
2005-06-14,6.93874,7.0047441,6.91782,6.93276,405189077
2005-06-13,6.96938,7.078219,6.88719,7.042354,514047581
2005-06-10,7.14796,7.15518,6.97436,7.036127,509767599
2005-06-09,7.09142,7.18557,6.98781,7.13102,660109011
2005-06-08,7.29391,7.30238,6.92405,6.9629,1031889331
2005-06-07,7.39976,7.46178,7.2304,7.30063,976566743
2005-06-06,7.033387,7.31633,7.019439,7.24634,904413304
2005-06-03,7.14298,7.20549,6.90935,6.98034,754108027
2005-06-02,7.1913,7.21745,7.088431,7.17062,721658854
2005-06-01,7.053562,7.29491,7.024172,7.17311,1412944285
2005-05-31,6.7106,6.93401,6.7091,6.90587,892805959
2005-05-27,6.48718,6.62641,6.45705,6.62517,489190760
2005-05-26,6.49964,6.56938,6.43339,6.4558,543895039
2005-05-25,6.29466,6.50014,6.24235,6.4959,725023418
2005-05-24,6.40001,6.61122,6.31383,6.3761,1166078427
2005-05-23,6.0563,6.4284,6.045092,6.3624,858738744
2005-05-20,6.0077319,6.019189,5.96888,6.017694,327763952
2005-05-19,5.98606,6.0067348,5.93451,5.95717,390116793
2005-05-18,5.81844,5.97685,5.8162,5.95667,494325936
2005-05-17,5.74248,5.81446,5.73351,5.80649,313526787
2005-05-16,5.72056,5.76888,5.69291,5.75468,228107811
2005-05-13,5.70811,5.75568,5.66178,5.7096,297731805
2005-05-12,5.7487,5.78407,5.6837,5.69665,359269602
2005-05-11,5.70287,5.77784,5.67697,5.76066,460873014
2005-05-10,5.6157,5.67373,5.59702,5.67373,254783425
2005-05-09,5.67872,5.69117,5.61471,5.6294,222302131
2005-05-06,5.68868,5.70985,5.64061,5.67921,271570110
2005-05-05,5.69416,5.69416,5.62591,5.65331,301509913
2005-05-04,5.65954,5.72554,5.65381,5.69117,485151677
2005-05-03,5.52554,5.68245,5.51234,5.63363,713873782
2005-05-02,5.53052,5.57162,5.48469,5.5365,392160425
2005-04-29,5.52703,5.5355,5.42517,5.47946,368182886
2005-04-28,5.46701,5.53127,5.42242,5.46576,348613811
2005-04-27,5.4294,5.50063,5.39827,5.47398,412131000
2005-04-26,5.48494,5.52927,5.43687,5.44833,693469588
2005-04-25,5.42517,5.59752,5.41769,5.56738,796574608
2005-04-22,5.55169,5.57909,5.3365,5.3751,1333182435
2005-04-21,4.99179,5.10586,4.96439,5.086435,712737539
2005-04-20,4.94596,4.99378,4.87946,4.93401,620376641
2005-04-19,4.71558,4.78208,4.6832,4.76713,338463908
2005-04-18,4.59727,4.67946,4.57012,4.6568,262994085
2005-04-15,4.73475,4.74073,4.59926,4.60773,464831797
2005-04-14,4.81371,4.84086,4.73475,4.76838,247030473
2005-04-13,4.81869,4.83986,4.72554,4.80524,263214910
2005-04-12,4.80698,4.84235,4.71757,4.83089,293881426
2005-04-11,4.80922,4.85181,4.79005,4.81271,217231195
2005-04-08,4.82417,4.85929,4.76838,4.78332,205431131
2005-04-07,4.70188,4.84733,4.69839,4.82591,389141150
2005-04-06,4.71333,4.72355,4.67199,4.71283,210891521
2005-04-05,4.67572,4.73874,4.67174,4.69665,350777892
2005-04-04,4.48195,4.6157,4.47921,4.61495,324266893
2005-04-01,4.52703,4.55667,4.48295,4.48419,248206866
2005-03-31,4.43214,4.51782,4.42442,4.4959,271758815
2005-03-30,4.49914,4.51931,4.47323,4.4944,250378977
2005-03-29,4.50935,4.56489,4.43513,4.47249,259890496
2005-03-28,4.52504,4.60275,4.50686,4.51856,350830087
2005-03-24,4.50063,4.50462,4.46327,4.46452,148763520
2005-03-23,4.43263,4.48917,4.43263,4.45779,194526410
2005-03-22,4.51259,4.53152,4.42965,4.44833,226112360
2005-03-21,4.46501,4.53724,4.4147,4.50511,300470030
2005-03-18,4.45356,4.49316,4.4411,4.48419,284663002
2005-03-17,4.41171,4.47423,4.37859,4.46551,331662510
2005-03-16,4.401,4.44858,4.35891,4.37361,285317446
2005-03-15,4.36614,4.4832,4.33899,4.44858,418446584
2005-03-14,4.4416,4.44335,4.29814,4.35841,447535208
2005-03-11,4.49415,4.50686,4.41221,4.4284,322335682
2005-03-10,4.50835,4.51308,4.41844,4.4827,440063306
2005-03-09,4.58805,4.59901,4.48718,4.51682,456119263
2005-03-08,4.70985,4.72853,4.60698,4.61271,323050350
2005-03-07,4.67697,4.7223,4.65829,4.70262,347995502
2005-03-04,4.65007,4.66377,4.60947,4.63015,271979640
2005-03-03,4.63587,4.67622,4.59054,4.65779,305484756
2005-03-02,4.63139,4.67423,4.59179,4.61221,292512314
2005-03-01,4.71458,4.72604,4.53301,4.63413,373844027
2005-02-28,4.63264,4.72902,4.6289,4.6822,313908211
2005-02-25,4.71109,4.73027,4.62043,4.6294,400435325
2005-02-24,4.56713,4.72853,4.53874,4.70462,1036442333
2005-02-23,4.81445,4.84384,4.69889,4.83064,625776806
2005-02-22,4.89416,4.95393,4.74198,4.76638,541369609
2005-02-18,4.94422,4.95244,4.89814,4.93027,340708289
2005-02-17,4.92728,4.9751,4.90188,4.92903,418137429
2005-02-16,4.84932,4.96464,4.83936,4.94173,663770685
2005-02-15,4.82193,4.97734,4.80898,4.86252,1035177611
2005-02-14,4.55418,4.80898,4.5081,4.80673,1548269624
2005-02-11,4.64907,4.79005,4.63438,4.6675,526606480
2005-02-10,4.78133,4.78731,4.61396,4.68195,762154073
2005-02-09,5.00025797,5.021179,4.71881,4.77162,689434520
2005-02-08,4.90561,4.98183,4.84509,4.94746,460921194
2005-02-07,5.11234,5.14073,4.8695,4.88245,520359150
2005-02-04,5.14248,5.17436,5.046086,5.089922,594993855
2005-02-03,5.13052,5.31433,5.12604,5.25181,521471303
2005-02-02,5.36863,5.39976,5.072487,5.12977,1316889593
2005-02-01,4.84135,4.89814,4.74795,4.77958,756384528
2005-01-31,4.82417,4.89067,4.7751,4.87224,385306832
2005-01-28,4.73276,4.84932,4.6411,4.74073,490158373
2005-01-27,4.70138,4.70387,4.61271,4.68444,266089645
2005-01-26,4.46501,4.71757,4.46203,4.71333,494161321
2005-01-25,4.53152,4.53899,4.39079,4.41147,427966132
2005-01-24,4.69964,4.71558,4.49117,4.50113,563010421
2005-01-21,4.84534,4.86576,4.68544,4.68942,371724110
2005-01-20,4.79453,4.88793,4.78208,4.8299,361413608
2005-01-19,5.097145,5.11333,4.89939,4.91408,451995865
2005-01-18,5.0054879,5.10636,4.94795,5.078465,528878966
2005-01-14,4.8817,4.98158,4.83513,4.98058,387057368
2005-01-13,4.86626,4.91632,4.83313,4.86502,275002929
2005-01-12,4.84011,4.87996,4.74472,4.86626,328338096
2005-01-11,4.87224,4.92429,4.81146,4.82043,279391317
2005-01-10,4.84434,4.93401,4.77784,4.85829,302714411
2005-01-07,4.7482,4.83812,4.70188,4.82815,387964757
2005-01-06,4.85879,4.87921,4.67548,4.69615,417041336
2005-01-05,4.81819,4.90412,4.7878,4.81968,330698912
2005-01-04,5.016198,5.054305,4.81894,4.84434,552298420
2005-01-03,4.91657,5.071989,4.86825,5.048826,636143518
2004-12-31,4.96215,4.97834,4.79602,4.80175,307889737
2004-12-30,4.80623,4.93724,4.77834,4.92155,237057231
2004-12-29,4.7766,4.81993,4.7766,4.80449,107525527
2004-12-28,4.78481,4.82068,4.75742,4.801,166453579
2004-12-27,4.71109,4.81445,4.70985,4.77983,245079187
2004-12-23,4.66875,4.69739,4.63264,4.67996,145125936
2004-12-22,4.58033,4.65381,4.55817,4.64011,156865776
2004-12-21,4.64036,4.67946,4.56788,4.5766,221479058
2004-12-20,4.53301,4.69391,4.52977,4.60823,394854485
2004-12-17,4.4025,4.49565,4.39727,4.48519,296555412
2004-12-16,4.40723,4.4954,4.38232,4.39528,344197318
2004-12-15,4.43313,4.50038,4.40001,4.47772,460559845
2004-12-14,4.25904,4.45381,4.22417,4.45057,445198482
2004-12-13,4.28818,4.31333,4.22043,4.24534,193466452
2004-12-10,4.31956,4.35567,4.26626,4.27523,173335277
2004-12-09,4.24036,4.3213,4.19602,4.31956,307307563
2004-12-08,4.24285,4.32579,4.2025,4.23363,302802741
2004-12-07,4.38357,4.38855,4.24783,4.26975,275866153
2004-12-06,4.46153,4.50063,4.38407,4.39079,251097661
2004-12-03,4.48195,4.5096,4.42342,4.49316,235647968
2004-12-02,4.4807,4.5208,4.44708,4.46825,251374696
2004-12-01,4.53176,4.54546,4.47199,4.4822,315743063
2004-11-30,4.50088,4.55792,4.48942,4.53251,309154460
2004-11-29,4.49216,4.55667,4.42118,4.50935,428263241
2004-11-26,4.37859,4.48394,4.36663,4.468,260175560
2004-11-24,4.35418,4.41371,4.29665,4.35268,613531078
2004-11-23,4.18357,4.2548,4.14696,4.17236,498393124
2004-11-22,4.096396,4.22168,4.017691,4.11209,496582362
2004-11-19,4.21171,4.23363,4.14745,4.21918,352086780
2004-11-18,4.24135,4.34422,4.12778,4.17286,667677273
2004-11-17,4.20972,4.42093,4.20922,4.2964,728034662
2004-11-16,4.42093,4.47,4.2548,4.29739,839832142
2004-11-15,4.4944,4.69042,4.45206,4.60449,477844390
2004-11-12,4.61346,4.72728,4.41844,4.53301,672354740
2004-11-11,4.21246,4.5766,4.17361,4.55841,601666773
2004-11-10,4.25082,4.29689,4.14272,4.18083,427355853
2004-11-09,4.33625,4.36364,4.11632,4.20175,444226854
2004-11-08,4.25729,4.36962,4.21918,4.29764,449349985
2004-11-05,4.53251,4.54048,4.19802,4.21794,796297573
2004-11-04,4.69341,4.74223,4.56663,4.60026,578544429
2004-11-03,4.936,5.021179,4.75094,4.77386,557630330
2004-11-02,4.95094,4.96265,4.81545,4.85356,455553149
2004-11-01,4.82068,4.9233,4.76389,4.88245,490828877
2004-10-29,4.95368,4.98008,4.74721,4.7482,849672890
2004-10-28,4.64957,4.8416,4.62267,4.81445,596097978
2004-10-27,4.55094,4.72031,4.52728,4.63189,536262538
2004-10-26,4.6411,4.79802,4.4832,4.52803,895628499
2004-10-25,4.39353,4.8426,4.29764,4.6675,1315480331
2004-10-22,4.24758,4.48743,4.086682,4.29465,1481207196
2004-10-21,3.59652,3.73923,3.52728,3.72055,585767401
2004-10-20,3.68693,3.71084,3.47697,3.49913,456613107
2004-10-19,3.74845,3.79577,3.66999,3.68469,363918964
2004-10-18,3.56663,3.71607,3.51707,3.71508,282061287
2004-10-15,3.60972,3.62392,3.5355,3.5893,265150137
2004-10-14,3.51209,3.54621,3.45107,3.53674,209835578
2004-10-13,3.56962,3.57535,3.48892,3.50935,397203256
2004-10-12,3.34845,3.4274,3.32255,3.42217,234419380
2004-10-11,3.41221,3.45854,3.33375,3.36887,210437827
2004-10-08,3.45505,3.47896,3.41271,3.43039,222442656
2004-10-07,3.41022,3.48394,3.401,3.45829,283643194
2004-10-06,3.42591,3.44832,3.3873,3.4142,268900140
2004-10-05,3.35393,3.45032,3.29365,3.44633,300887589
2004-10-04,3.36862,3.40897,3.33824,3.36389,261693228
2004-10-01,3.25779,3.34347,3.21047,3.30212,303934969
2004-09-30,3.23537,3.29515,3.21296,3.2279,276468402
2004-09-29,3.15567,3.3629,3.14397,3.26476,613229953
2004-09-28,3.021176,3.17311,2.99403,3.15966,340190355
2004-09-27,2.97784,3.010715,2.934,2.94546,141994242
2004-09-24,3.012209,3.090914,2.98282,2.98456,183336625
2004-09-23,2.95991,3.054302,2.91458,3.0092211,171524515
2004-09-22,2.92404,2.98058,2.90934,2.94845,152344894
2004-09-21,2.98407,2.99926,2.92678,2.935,145262446
2004-09-20,2.91283,3.028648,2.90835,2.97286,213585582
2004-09-17,2.84982,2.92628,2.82815,2.92628,190350817
2004-09-16,2.79801,2.88419,2.78083,2.83861,186207345
2004-09-15,2.75368,2.84509,2.74471,2.78954,215279909
2004-09-14,2.67622,2.78954,2.65978,2.77684,217608605
2004-09-13,2.6558,2.70013,2.65156,2.67746,157628624
2004-09-10,2.53051,2.65405,2.52304,2.62342,174804764
2004-09-09,2.55368,2.55816,2.51557,2.5482,81620792
2004-09-08,2.50909,2.56613,2.50312,2.54795,100186120
2004-09-07,2.51582,2.54048,2.48095,2.53002,117506800
2004-09-03,2.51433,2.534,2.47373,2.49091,103538639
2004-09-02,2.47049,2.54969,2.46426,2.52827,303810504
2004-09-01,2.55791,2.56464,2.48245,2.49689,183633734
2004-08-31,2.54795,2.58307,2.54446,2.54969,98825037
2004-08-30,2.62217,2.6274,2.54073,2.54073,104429967
2004-08-27,2.69241,2.70536,2.63238,2.64384,124826132
2004-08-26,2.61395,2.68867,2.60673,2.68768,142572401
2004-08-25,2.6142,2.68992,2.5873,2.6401,184645512
2004-08-24,2.77062,2.77958,2.57958,2.61196,306396159
2004-08-23,2.75841,2.82641,2.71607,2.72479,366857939
2004-08-20,2.51582,2.71682,2.50312,2.69764,458857488
2004-08-19,2.49066,2.59178,2.39004,2.49913,897427216
